-- Adminer 4.8.1 MySQL 5.7.33 dump

SET NAMES utf8;
SET time_zone = '+00:00';
SET foreign_key_checks = 0;
SET sql_mode = 'NO_AUTO_VALUE_ON_ZERO';

SET NAMES utf8mb4;

CREATE DATABASE `man1` /*!40100 DEFAULT CHARACTER SET utf8mb4 */;
USE `man1`;

DROP TABLE IF EXISTS `catata_walas`;
CREATE TABLE `catata_walas` (
  `id` bigint(20) unsigned NOT NULL AUTO_INCREMENT,
  `id_rombelsiswa` varchar(255) COLLATE utf8mb4_unicode_ci DEFAULT NULL,
  `id_tahunajar` varchar(255) COLLATE utf8mb4_unicode_ci DEFAULT NULL,
  `alfa` varchar(255) COLLATE utf8mb4_unicode_ci DEFAULT NULL,
  `sakit` varchar(255) COLLATE utf8mb4_unicode_ci DEFAULT NULL,
  `izin` varchar(255) COLLATE utf8mb4_unicode_ci DEFAULT NULL,
  `prestasi` varchar(255) COLLATE utf8mb4_unicode_ci DEFAULT NULL,
  `ekstra` varchar(255) COLLATE utf8mb4_unicode_ci DEFAULT NULL,
  `nilai_ekstra` varchar(255) COLLATE utf8mb4_unicode_ci DEFAULT NULL,
  `catatan` varchar(255) COLLATE utf8mb4_unicode_ci DEFAULT NULL,
  `created_at` timestamp NULL DEFAULT NULL,
  `updated_at` timestamp NULL DEFAULT NULL,
  PRIMARY KEY (`id`)
) ENGINE=InnoDB DEFAULT CHARSET=utf8mb4 COLLATE=utf8mb4_unicode_ci;

INSERT INTO `catata_walas` (`id`, `id_rombelsiswa`, `id_tahunajar`, `alfa`, `sakit`, `izin`, `prestasi`, `ekstra`, `nilai_ekstra`, `catatan`, `created_at`, `updated_at`) VALUES
(7,	'105',	'3',	'1',	'0',	'2',	'lomba puisi nasional',	'sepakbola',	'89',	'belajar yang giat',	NULL,	'2024-06-07 03:23:48'),
(8,	'106',	'3',	'1',	'0',	'2',	'-',	'-',	NULL,	'belajar yang giat',	NULL,	'2024-06-07 03:23:48'),
(9,	'107',	'3',	'2',	'0',	'2',	'-',	'-',	NULL,	'belajar yang giat',	NULL,	'2024-06-07 03:23:48'),
(10,	'108',	'3',	'1',	'0',	'3',	'-',	'-',	NULL,	'belajar yang giat',	NULL,	'2024-06-07 03:23:48'),
(11,	'109',	'3',	NULL,	NULL,	NULL,	NULL,	NULL,	NULL,	NULL,	NULL,	NULL),
(12,	'110',	'3',	NULL,	NULL,	NULL,	NULL,	NULL,	NULL,	NULL,	NULL,	NULL),
(13,	'111',	'3',	NULL,	NULL,	NULL,	NULL,	NULL,	NULL,	NULL,	NULL,	NULL),
(14,	'112',	'3',	NULL,	NULL,	NULL,	NULL,	NULL,	NULL,	NULL,	NULL,	NULL),
(15,	'113',	'3',	NULL,	NULL,	NULL,	NULL,	NULL,	NULL,	NULL,	NULL,	NULL);

DROP TABLE IF EXISTS `ch_favorites`;
CREATE TABLE `ch_favorites` (
  `id` char(36) COLLATE utf8mb4_unicode_ci NOT NULL,
  `user_id` bigint(20) NOT NULL,
  `favorite_id` bigint(20) NOT NULL,
  `created_at` timestamp NULL DEFAULT NULL,
  `updated_at` timestamp NULL DEFAULT NULL,
  PRIMARY KEY (`id`)
) ENGINE=InnoDB DEFAULT CHARSET=utf8mb4 COLLATE=utf8mb4_unicode_ci;


DROP TABLE IF EXISTS `ch_messages`;
CREATE TABLE `ch_messages` (
  `id` char(36) COLLATE utf8mb4_unicode_ci NOT NULL,
  `from_id` bigint(20) NOT NULL,
  `to_id` bigint(20) NOT NULL,
  `body` varchar(5000) COLLATE utf8mb4_unicode_ci DEFAULT NULL,
  `attachment` varchar(255) COLLATE utf8mb4_unicode_ci DEFAULT NULL,
  `seen` tinyint(1) NOT NULL DEFAULT '0',
  `created_at` timestamp NULL DEFAULT NULL,
  `updated_at` timestamp NULL DEFAULT NULL,
  PRIMARY KEY (`id`)
) ENGINE=InnoDB DEFAULT CHARSET=utf8mb4 COLLATE=utf8mb4_unicode_ci;

INSERT INTO `ch_messages` (`id`, `from_id`, `to_id`, `body`, `attachment`, `seen`, `created_at`, `updated_at`) VALUES
('18ef78b2-f269-4a93-b362-66f759f390da',	1,	6,	'taba sunguik ma pak',	NULL,	0,	'2023-10-03 04:13:10',	'2023-10-03 04:13:10'),
('a302f80f-7613-4bda-8944-ca34dd3863ad',	1,	6,	'pak',	NULL,	0,	'2023-08-31 15:51:33',	'2023-08-31 15:51:33'),
('bc0b6b91-6970-49bc-8c83-018e331cd60e',	1,	6,	'dima pak?',	NULL,	0,	'2023-10-03 04:12:56',	'2023-10-03 04:12:56');

DROP TABLE IF EXISTS `copy_users`;
CREATE TABLE `copy_users` (
  `id` bigint(20) unsigned NOT NULL AUTO_INCREMENT,
  `name` varchar(255) COLLATE utf8mb4_unicode_ci NOT NULL,
  `email` varchar(255) COLLATE utf8mb4_unicode_ci NOT NULL,
  `username` varchar(255) COLLATE utf8mb4_unicode_ci NOT NULL,
  `profile_image` varchar(255) COLLATE utf8mb4_unicode_ci NOT NULL,
  `ttd` varchar(255) COLLATE utf8mb4_unicode_ci NOT NULL,
  `jabatan` int(11) NOT NULL,
  `role` varchar(255) COLLATE utf8mb4_unicode_ci NOT NULL,
  `email_verified_at` timestamp NULL DEFAULT NULL,
  `password` varchar(255) COLLATE utf8mb4_unicode_ci NOT NULL,
  `remember_token` varchar(100) COLLATE utf8mb4_unicode_ci DEFAULT NULL,
  `created_at` timestamp NULL DEFAULT NULL,
  `updated_at` timestamp NULL DEFAULT NULL,
  `active_status` tinyint(1) NOT NULL DEFAULT '0',
  `avatar` varchar(255) COLLATE utf8mb4_unicode_ci NOT NULL DEFAULT 'avatar.png',
  `dark_mode` tinyint(1) NOT NULL DEFAULT '0',
  `messenger_color` varchar(255) COLLATE utf8mb4_unicode_ci DEFAULT NULL,
  PRIMARY KEY (`id`),
  UNIQUE KEY `users_email_unique` (`email`),
  UNIQUE KEY `users_username_unique` (`username`)
) ENGINE=InnoDB DEFAULT CHARSET=utf8mb4 COLLATE=utf8mb4_unicode_ci;

INSERT INTO `copy_users` (`id`, `name`, `email`, `username`, `profile_image`, `ttd`, `jabatan`, `role`, `email_verified_at`, `password`, `remember_token`, `created_at`, `updated_at`, `active_status`, `avatar`, `dark_mode`, `messenger_color`) VALUES
(1,	'Surya Sahputra',	'suryasahputra07@gmail.com',	'surya123',	'202307301559SURYA SAHPUTRA.jpg',	'',	5,	'4',	NULL,	'$2y$10$JvrOj.Ppl.U1qx.5W5W9/uo9.vmKTgDwidZiPNAeXczJ94l8Ij7ku',	NULL,	'2023-02-25 23:14:42',	'2023-08-30 15:52:31',	1,	'e70fbc7a-dd95-4ab8-81b5-2ee79f30e1f0.jpg',	0,	'#3F51B5'),
(2,	'Marliza,S.Pd.,M.Pd',	'kepsek@gmail.com',	'kepsek01',	'1768832037705245.jpg',	'202307222247activity tamu.jpg',	6,	'1',	NULL,	'$2y$10$bQkQZl5PxaHmvVIyUuyWZuMrEuNGA5aZbQyeCef.f.XW3PyZ/4xg2',	NULL,	'2023-04-10 23:52:19',	'2023-08-29 15:59:02',	0,	'avatar.png',	0,	NULL),
(3,	'Ridafdal',	'Wakil@gmail.com',	'wakil',	'1768832021903682.JPG',	'',	7,	'2',	NULL,	'$2y$10$GapT504bWfB6rM/4l1DK8.RbBI47wK4MxrzWqoispL41W4PHcv76y',	NULL,	'2023-04-11 08:00:17',	'2023-06-15 21:27:49',	0,	'avatar.png',	0,	NULL),
(4,	'Yasnimarlis',	'verifikator@gmail.com',	'verifikator',	'1768832002092560.JPG',	'',	8,	'3',	NULL,	'$2y$10$5eHVCX7BRxbgyYiBoqZpn.HcUcQIaB/jtFXgK3CgsBsIHOoVBqABy',	NULL,	'2023-05-27 23:22:39',	'2023-06-15 21:27:30',	0,	'avatar.png',	0,	NULL),
(6,	'Amri J',	'wakil01@gmail.com',	'wakil01',	'1768832011865297.JPG',	'',	7,	'2',	NULL,	'$2y$10$jd6g7MHVvcQPODCARL5xzuPoGuWx3h4ENJm3DbXbOYQbHqMJxsvQa',	NULL,	'2023-06-15 07:48:17',	'2023-07-22 15:31:12',	0,	'avatar.png',	0,	NULL),
(9,	'dara aaaaaa',	'suryasahputra07@gmail.comaas',	'surya123asas',	'0',	'0',	7,	'0',	NULL,	'$2y$10$b.DzyQcrO/FNDapBGKHLouZ9kdlT7XgrC.TQZOB8vFx/TYJQ/Flmm',	NULL,	'2023-07-22 16:29:41',	'2023-07-22 16:29:41',	0,	'avatar.png',	0,	NULL);

DROP TABLE IF EXISTS `failed_jobs`;
CREATE TABLE `failed_jobs` (
  `id` bigint(20) unsigned NOT NULL AUTO_INCREMENT,
  `uuid` varchar(255) COLLATE utf8mb4_unicode_ci NOT NULL,
  `connection` text COLLATE utf8mb4_unicode_ci NOT NULL,
  `queue` text COLLATE utf8mb4_unicode_ci NOT NULL,
  `payload` longtext COLLATE utf8mb4_unicode_ci NOT NULL,
  `exception` longtext COLLATE utf8mb4_unicode_ci NOT NULL,
  `failed_at` timestamp NOT NULL DEFAULT CURRENT_TIMESTAMP,
  PRIMARY KEY (`id`),
  UNIQUE KEY `failed_jobs_uuid_unique` (`uuid`)
) ENGINE=InnoDB DEFAULT CHARSET=utf8mb4 COLLATE=utf8mb4_unicode_ci;


DROP TABLE IF EXISTS `gurus`;
CREATE TABLE `gurus` (
  `id` bigint(20) unsigned NOT NULL AUTO_INCREMENT,
  `kode_gr` varchar(255) COLLATE utf8mb4_unicode_ci DEFAULT NULL,
  `nama` varchar(255) COLLATE utf8mb4_unicode_ci DEFAULT NULL,
  `no_hp` varchar(255) COLLATE utf8mb4_unicode_ci DEFAULT NULL,
  `id_user` bigint(11) DEFAULT NULL,
  `created_by` int(11) DEFAULT NULL,
  `updated_by` int(11) DEFAULT NULL,
  `created_at` timestamp NULL DEFAULT NULL,
  `updated_at` timestamp NULL DEFAULT NULL,
  `deleted_at` timestamp NULL DEFAULT NULL,
  PRIMARY KEY (`id`)
) ENGINE=InnoDB DEFAULT CHARSET=utf8mb4 COLLATE=utf8mb4_unicode_ci;

INSERT INTO `gurus` (`id`, `kode_gr`, `nama`, `no_hp`, `id_user`, `created_by`, `updated_by`, `created_at`, `updated_at`, `deleted_at`) VALUES
(136,	'TN',	'Thaharudin',	'08xxxxx',	0,	NULL,	NULL,	'2024-06-05 16:54:59',	'2024-06-05 16:54:59',	NULL),
(137,	'WF',	'Winda Fefrianti',	'08xxxxx',	0,	NULL,	NULL,	'2024-06-05 16:54:59',	'2024-06-05 16:54:59',	NULL),
(138,	'WD',	'Wiwit Desri Yunita',	'08xxxxx',	0,	NULL,	NULL,	'2024-06-05 16:54:59',	'2024-06-05 16:54:59',	NULL),
(139,	'YP',	'Yon Putra',	'08xxxxx',	0,	NULL,	NULL,	'2024-06-05 16:54:59',	'2024-06-05 16:54:59',	NULL),
(140,	'Zl',	'Zainal',	'08xxxxx',	0,	NULL,	NULL,	'2024-06-05 16:54:59',	'2024-06-05 16:54:59',	NULL),
(141,	'AI',	'Afnilawati',	'08xxxxx',	0,	NULL,	NULL,	'2024-06-05 16:54:59',	'2024-06-05 16:54:59',	NULL),
(142,	'AN',	'Arifin',	'08xxxxx',	0,	NULL,	NULL,	'2024-06-05 16:54:59',	'2024-06-05 16:54:59',	NULL),
(143,	'AI',	'Armayanti',	'08xxxxx',	0,	NULL,	NULL,	'2024-06-05 16:54:59',	'2024-06-05 16:54:59',	NULL),
(144,	'AS',	'Arnelis',	'08xxxxx',	0,	NULL,	NULL,	'2024-06-05 16:54:59',	'2024-06-05 16:54:59',	NULL),
(145,	'AS',	'Asti Sanora',	'08xxxxx',	0,	NULL,	NULL,	'2024-06-05 16:54:59',	'2024-06-05 16:54:59',	NULL),
(146,	'AR',	'Azwar',	'08xxxxx',	0,	NULL,	NULL,	'2024-06-05 16:54:59',	'2024-06-05 16:54:59',	NULL),
(147,	'ES',	'Eli Sofi',	'083182718860',	229,	NULL,	1,	'2024-06-05 16:54:59',	'2024-06-05 17:02:43',	NULL),
(148,	'FN',	'Fakhrudin',	'08xxxxx',	0,	NULL,	NULL,	'2024-06-05 16:54:59',	'2024-06-05 16:54:59',	NULL),
(149,	'FJ',	'Fitri Jamiliyah',	'08xxxxx',	0,	NULL,	NULL,	'2024-06-05 16:54:59',	'2024-06-05 16:54:59',	NULL),
(150,	'FI',	'Fitriani',	'08xxxxx',	0,	NULL,	NULL,	'2024-06-05 16:54:59',	'2024-06-05 16:54:59',	NULL),
(151,	'FI',	'Fitriyanti',	'08xxxxx',	0,	NULL,	NULL,	'2024-06-05 16:54:59',	'2024-06-05 16:54:59',	NULL),
(152,	'JY',	'Jufriyani Yanti',	'08xxxxx',	0,	NULL,	NULL,	'2024-06-05 16:54:59',	'2024-06-05 16:54:59',	NULL),
(153,	'KR',	'Kobir',	'08xxxxx',	0,	NULL,	NULL,	'2024-06-05 16:54:59',	'2024-06-05 16:54:59',	NULL),
(154,	'LN',	'Len Nettri',	'08xxxxx',	0,	NULL,	NULL,	'2024-06-05 16:54:59',	'2024-06-05 16:54:59',	NULL),
(155,	'MA',	'Mardalena',	'08xxxxx',	0,	NULL,	NULL,	'2024-06-05 16:54:59',	'2024-06-05 16:54:59',	NULL),
(156,	'MI',	'Muharni',	'08xxxxx',	0,	NULL,	NULL,	'2024-06-05 16:54:59',	'2024-06-05 16:54:59',	NULL),
(157,	'RA',	'Rudi Anahdi',	'08xxxxx',	0,	NULL,	NULL,	'2024-06-05 16:54:59',	'2024-06-05 16:54:59',	NULL),
(158,	'SS',	'Sri Sufriyeti',	'08xxxxx',	0,	NULL,	NULL,	'2024-06-05 16:54:59',	'2024-06-05 16:54:59',	NULL),
(159,	'SI',	'Sulasri',	'08xxxxx',	0,	NULL,	NULL,	'2024-06-05 16:54:59',	'2024-06-05 16:54:59',	NULL),
(160,	'SI',	'Syafrineti',	'08xxxxx',	0,	NULL,	NULL,	'2024-06-05 16:54:59',	'2024-06-05 16:54:59',	NULL),
(161,	'SH',	'Syarifatul Hayanis',	'08xxxxx',	0,	NULL,	NULL,	'2024-06-05 16:54:59',	'2024-06-05 16:54:59',	NULL),
(162,	'MA',	'Marliza',	'08xxxxx',	0,	NULL,	NULL,	'2024-06-05 16:54:59',	'2024-06-05 16:54:59',	NULL),
(163,	'AJ',	'Amri J',	'08xxxxx',	0,	NULL,	NULL,	'2024-06-05 16:54:59',	'2024-06-05 16:54:59',	NULL),
(164,	'RS',	'Ridafdal S.',	'08xxxxx',	0,	NULL,	NULL,	'2024-06-05 16:54:59',	'2024-06-05 16:54:59',	NULL),
(165,	'SA',	'Seti Asih',	'08xxxxx',	0,	NULL,	NULL,	'2024-06-05 16:54:59',	'2024-06-05 16:54:59',	NULL),
(166,	'AN',	'Alfemi Nur',	'08xxxxx',	0,	NULL,	NULL,	'2024-06-05 16:54:59',	'2024-06-05 16:54:59',	NULL),
(167,	'AL',	'Asnitha Luthan',	'0831827188603',	230,	NULL,	1,	'2024-06-05 16:54:59',	'2024-06-05 17:03:14',	NULL),
(168,	'DM',	'Dewi Madianis',	'08xxxxx',	0,	NULL,	NULL,	'2024-06-05 16:54:59',	'2024-06-05 16:54:59',	NULL),
(169,	'EA',	'Eni Afrita',	'08xxxxx',	0,	NULL,	NULL,	'2024-06-05 16:54:59',	'2024-06-05 16:54:59',	NULL),
(170,	'ER',	'Enizar',	'08xxxxx',	0,	NULL,	NULL,	'2024-06-05 16:54:59',	'2024-06-05 16:54:59',	NULL),
(171,	'EA',	'Erlinda',	'08xxxxx',	0,	NULL,	NULL,	'2024-06-05 16:54:59',	'2024-06-05 16:54:59',	NULL),
(172,	'FY',	'Febru Yanti Okta Vitano',	'08xxxxx',	0,	NULL,	NULL,	'2024-06-05 16:54:59',	'2024-06-05 16:54:59',	NULL),
(173,	'LI',	'Lismarni',	'08xxxxx',	0,	NULL,	NULL,	'2024-06-05 16:54:59',	'2024-06-05 16:54:59',	NULL),
(174,	'IM',	'Idealim Merina',	'08xxxxx',	0,	NULL,	NULL,	'2024-06-05 16:54:59',	'2024-06-05 16:54:59',	NULL),
(175,	'MI',	'Maifiyetri',	'08xxxxx',	0,	NULL,	NULL,	'2024-06-05 16:54:59',	'2024-06-05 16:54:59',	NULL),
(176,	'NM',	'Neneng Maryamah',	'08xxxxx',	0,	NULL,	NULL,	'2024-06-05 16:54:59',	'2024-06-05 16:54:59',	NULL),
(177,	'RY',	'Rida Yani',	'08xxxxx',	0,	NULL,	NULL,	'2024-06-05 16:54:59',	'2024-06-05 16:54:59',	NULL),
(178,	'SA',	'Sri Ayu Ningsih',	'08xxxxx',	0,	NULL,	NULL,	'2024-06-05 16:54:59',	'2024-06-05 16:54:59',	NULL),
(179,	'SN',	'Syafarudin',	'08xxxxx',	0,	NULL,	NULL,	'2024-06-05 16:54:59',	'2024-06-05 16:54:59',	NULL),
(180,	'AS',	'Adrian Sayuti',	'08xxxxx',	0,	NULL,	NULL,	'2024-06-05 16:54:59',	'2024-06-05 16:54:59',	NULL),
(181,	'PI',	'Priyadi',	'08xxxxx',	0,	NULL,	NULL,	'2024-06-05 16:54:59',	'2024-06-05 16:54:59',	NULL),
(182,	'SO',	'Sepa Oki Candra',	'08xxxxx',	0,	NULL,	NULL,	'2024-06-05 16:54:59',	'2024-06-05 16:54:59',	NULL),
(183,	'SN',	'Suherman',	'08xxxxx',	0,	NULL,	NULL,	'2024-06-05 16:54:59',	'2024-06-05 16:54:59',	NULL),
(184,	'AL',	'Afdal',	'08xxxxx',	0,	NULL,	NULL,	'2024-06-05 16:54:59',	'2024-06-05 16:54:59',	NULL),
(185,	'AS',	'Armadelis',	'08xxxxx',	0,	NULL,	NULL,	'2024-06-05 16:54:59',	'2024-06-05 16:54:59',	NULL),
(186,	'AN',	'Arisman',	'08xxxxx',	0,	NULL,	NULL,	'2024-06-05 16:54:59',	'2024-06-05 16:54:59',	NULL),
(187,	'HI',	'Heldawani',	'08xxxxx',	0,	NULL,	NULL,	'2024-06-05 16:54:59',	'2024-06-05 16:54:59',	NULL),
(188,	'MA',	'Muhammad Ali',	'08xxxxx',	0,	NULL,	NULL,	'2024-06-05 16:54:59',	'2024-06-05 16:54:59',	NULL),
(200,	'GK',	'guru kita ',	'7675656',	258,	NULL,	NULL,	'2024-06-15 17:33:01',	'2024-06-15 17:33:01',	NULL),
(201,	'GH',	'guruconoth',	'083182718860',	262,	NULL,	NULL,	'2024-07-11 07:23:22',	'2024-07-11 07:23:22',	NULL);

DROP TABLE IF EXISTS `haris`;
CREATE TABLE `haris` (
  `id` bigint(20) unsigned NOT NULL AUTO_INCREMENT,
  `kode_hari` varchar(255) COLLATE utf8mb4_unicode_ci NOT NULL,
  `nama` varchar(255) COLLATE utf8mb4_unicode_ci NOT NULL,
  `created_by` int(11) DEFAULT NULL,
  `updated_by` int(11) DEFAULT NULL,
  `created_at` timestamp NULL DEFAULT NULL,
  `updated_at` timestamp NULL DEFAULT NULL,
  PRIMARY KEY (`id`)
) ENGINE=InnoDB DEFAULT CHARSET=utf8mb4 COLLATE=utf8mb4_unicode_ci;

INSERT INTO `haris` (`id`, `kode_hari`, `nama`, `created_by`, `updated_by`, `created_at`, `updated_at`) VALUES
(1,	'H01',	'senin',	1,	1,	'2023-09-29 07:04:03',	'2023-09-29 07:31:54'),
(2,	'H02',	'selasa',	1,	1,	'2023-09-29 07:28:48',	'2023-09-29 14:17:18'),
(3,	'H03',	'Rabu',	1,	NULL,	'2023-09-29 07:32:07',	NULL),
(4,	'H04',	'Kamis',	1,	NULL,	'2023-09-29 07:32:17',	NULL),
(5,	'H05',	'Jumat',	1,	NULL,	'2023-09-29 07:32:30',	NULL),
(6,	'H06',	'Sabtu',	4,	NULL,	'2024-06-04 07:48:57',	NULL);

DROP TABLE IF EXISTS `jadwalmapels`;
CREATE TABLE `jadwalmapels` (
  `id` bigint(20) unsigned NOT NULL AUTO_INCREMENT,
  `kode_jadwalmapel` varchar(255) COLLATE utf8mb4_unicode_ci DEFAULT NULL,
  `id_pengampu` int(11) DEFAULT NULL,
  `id_hari` int(11) DEFAULT NULL,
  `id_waktu` varchar(255) CHARACTER SET utf8mb4 DEFAULT NULL,
  `id_ruangan` int(11) DEFAULT NULL,
  `status` varchar(255) COLLATE utf8mb4_unicode_ci DEFAULT NULL,
  `created_by` int(11) DEFAULT NULL,
  `updated_by` int(11) DEFAULT NULL,
  `created_at` timestamp NULL DEFAULT NULL,
  `updated_at` timestamp NULL DEFAULT NULL,
  `id_tahunajar` bigint(20) unsigned DEFAULT NULL,
  PRIMARY KEY (`id`),
  KEY `id_tahunajar` (`id_tahunajar`),
  CONSTRAINT `jadwalmapels_ibfk_1` FOREIGN KEY (`id_tahunajar`) REFERENCES `tahunajars` (`id`)
) ENGINE=InnoDB DEFAULT CHARSET=utf8mb4 COLLATE=utf8mb4_unicode_ci;

INSERT INTO `jadwalmapels` (`id`, `kode_jadwalmapel`, `id_pengampu`, `id_hari`, `id_waktu`, `id_ruangan`, `status`, `created_by`, `updated_by`, `created_at`, `updated_at`, `id_tahunajar`) VALUES
(573,	'20240711.2653',	77,	1,	'08:00-11:00',	6,	'2',	4,	NULL,	'2024-07-11 09:17:53',	'2024-07-11 09:21:22',	3),
(574,	'20240711.7012',	86,	1,	'11:00-13:40',	6,	'2',	4,	NULL,	'2024-07-11 09:17:53',	'2024-07-11 09:21:22',	3),
(575,	'20240711.8856',	82,	1,	'13:40-15:00',	7,	'2',	4,	NULL,	'2024-07-11 09:17:53',	'2024-07-11 09:21:22',	3),
(576,	'20240711.5672',	78,	2,	'07:00-09:40',	6,	'2',	4,	NULL,	'2024-07-11 09:17:53',	'2024-07-11 09:21:22',	3),
(577,	'20240711.3875',	76,	2,	'09:40-13:20',	6,	'2',	4,	NULL,	'2024-07-11 09:17:53',	'2024-07-11 09:21:22',	3),
(578,	'20240711.2127',	74,	2,	'13:20-14:40',	6,	'2',	4,	NULL,	'2024-07-11 09:17:53',	'2024-07-11 09:21:22',	3),
(579,	'20240711.8283',	73,	3,	'07:00-08:20',	6,	'2',	4,	NULL,	'2024-07-11 09:17:53',	'2024-07-11 09:21:22',	3),
(580,	'20240711.6272',	75,	3,	'08:20-09:40',	6,	'2',	4,	NULL,	'2024-07-11 09:17:53',	'2024-07-11 09:21:22',	3),
(581,	'20240711.8263',	80,	3,	'09:40-12:00',	6,	'2',	4,	NULL,	'2024-07-11 09:17:53',	'2024-07-11 09:21:22',	3),
(582,	'20240711.9449',	89,	3,	'12:00-14:00',	6,	'2',	4,	NULL,	'2024-07-11 09:17:53',	'2024-07-11 09:21:22',	3),
(583,	'20240711.4122',	79,	4,	'07:00-08:20',	6,	'2',	4,	NULL,	'2024-07-11 09:17:53',	'2024-07-11 09:21:22',	3),
(584,	'20240711.4502',	85,	4,	'08:20-10:40',	6,	'2',	4,	NULL,	'2024-07-11 09:17:53',	'2024-07-11 09:21:22',	3),
(585,	'20240711.5070',	71,	4,	'10:40-12:40',	6,	'2',	4,	NULL,	'2024-07-11 09:17:53',	'2024-07-11 09:21:22',	3),
(586,	'20240711.8369',	88,	4,	'12:40-14:40',	6,	'2',	4,	NULL,	'2024-07-11 09:17:53',	'2024-07-11 09:21:22',	3),
(587,	'20240711.2590',	81,	5,	'07:00-08:20',	6,	'2',	4,	NULL,	'2024-07-11 09:17:53',	'2024-07-11 09:21:22',	3),
(588,	'20240711.6591',	83,	5,	'08:20-09:40',	6,	'2',	4,	NULL,	'2024-07-11 09:17:53',	'2024-07-11 09:21:22',	3),
(589,	'20240711.1874',	72,	5,	'09:40-11:20',	6,	'2',	4,	NULL,	'2024-07-11 09:17:53',	'2024-07-11 09:21:22',	3),
(590,	'20240711.7257',	87,	6,	'07:00-09:00',	6,	'2',	4,	NULL,	'2024-07-11 09:17:53',	'2024-07-11 09:21:22',	3),
(591,	'20240711.9742',	84,	6,	'09:00-11:20',	6,	'2',	4,	NULL,	'2024-07-11 09:17:53',	'2024-07-11 09:21:22',	3);

DROP TABLE IF EXISTS `kelas`;
CREATE TABLE `kelas` (
  `id` bigint(20) unsigned NOT NULL AUTO_INCREMENT,
  `nama` varchar(255) COLLATE utf8mb4_unicode_ci DEFAULT NULL,
  `jurusan` varchar(255) CHARACTER SET utf8mb4 DEFAULT NULL,
  `tingkat` varchar(255) COLLATE utf8mb4_unicode_ci DEFAULT NULL,
  `created_by` int(11) DEFAULT NULL,
  `updated_by` int(11) DEFAULT NULL,
  `created_at` timestamp NULL DEFAULT NULL,
  `updated_at` timestamp NULL DEFAULT NULL,
  PRIMARY KEY (`id`)
) ENGINE=InnoDB DEFAULT CHARSET=utf8mb4 COLLATE=utf8mb4_unicode_ci;

INSERT INTO `kelas` (`id`, `nama`, `jurusan`, `tingkat`, `created_by`, `updated_by`, `created_at`, `updated_at`) VALUES
(20,	'1',	'IPA',	'X',	4,	4,	'2023-10-12 07:58:19',	'2024-05-30 07:16:32'),
(21,	'2',	'IPA',	'X',	4,	4,	'2023-10-12 07:58:48',	'2024-05-30 07:16:38'),
(22,	'3',	'IPA',	'X',	4,	4,	'2023-10-12 07:58:56',	'2024-06-05 05:47:57'),
(23,	'1',	'IPA',	'XI',	4,	4,	'2023-10-12 07:59:30',	'2024-06-05 05:50:13'),
(24,	'2',	'IPA',	'XI',	4,	4,	'2023-10-12 07:59:38',	'2024-06-05 05:50:26'),
(25,	'3',	'IPA',	'XI',	4,	4,	'2023-10-12 07:59:46',	'2024-06-05 05:50:36'),
(26,	'1',	'IPA',	'XII',	4,	4,	'2023-10-12 07:59:56',	'2024-06-05 05:53:31'),
(27,	'2',	'IPA',	'XII',	4,	4,	'2023-10-12 08:00:11',	'2024-06-05 05:53:47'),
(28,	'3',	'IPA',	'XII',	4,	4,	'2023-10-12 08:02:12',	'2024-06-05 05:53:59'),
(29,	'1',	'IPS',	'X',	4,	4,	'2024-04-01 20:57:40',	'2024-06-05 05:48:21'),
(30,	'2',	'IPS',	'X',	4,	4,	'2024-04-01 21:38:30',	'2024-06-05 05:48:29'),
(31,	'1',	'PK',	'X',	4,	4,	'2024-04-01 21:38:41',	'2024-06-05 05:49:31'),
(32,	'2',	'PK',	'X',	4,	4,	'2024-04-01 21:38:52',	'2024-06-05 05:49:59'),
(33,	'1',	'IPS',	'XI',	4,	NULL,	'2024-06-05 05:51:09',	NULL),
(34,	'2',	'IPS',	'XI',	4,	NULL,	'2024-06-05 05:51:49',	NULL),
(36,	'1',	'PK',	'XI',	4,	NULL,	'2024-06-05 05:53:02',	NULL),
(37,	'2',	'PK',	'XI',	4,	NULL,	'2024-06-05 05:53:16',	NULL),
(38,	'1',	'IPS',	'XII',	4,	NULL,	'2024-06-05 05:54:11',	NULL),
(39,	'2',	'IPS',	'XII',	4,	NULL,	'2024-06-05 05:54:50',	NULL),
(41,	'1',	'PK',	'XII',	4,	NULL,	'2024-06-05 05:56:03',	NULL),
(42,	'2',	'PK',	'XII',	4,	NULL,	'2024-06-05 05:56:13',	NULL);

DROP TABLE IF EXISTS `kkms`;
CREATE TABLE `kkms` (
  `id` bigint(20) unsigned NOT NULL AUTO_INCREMENT,
  `kkm` int(11) DEFAULT NULL,
  `id_mapel` int(11) DEFAULT NULL,
  `created_by` int(11) DEFAULT NULL,
  `updated_by` int(11) DEFAULT NULL,
  `created_at` timestamp NULL DEFAULT NULL,
  `updated_at` timestamp NULL DEFAULT NULL,
  PRIMARY KEY (`id`)
) ENGINE=InnoDB DEFAULT CHARSET=utf8mb4 COLLATE=utf8mb4_unicode_ci;

INSERT INTO `kkms` (`id`, `kkm`, `id_mapel`, `created_by`, `updated_by`, `created_at`, `updated_at`) VALUES
(22,	80,	65,	4,	NULL,	'2024-06-05 06:49:48',	NULL),
(23,	80,	64,	4,	NULL,	'2024-06-05 06:49:56',	NULL),
(24,	80,	70,	4,	NULL,	'2024-06-05 06:50:05',	NULL),
(25,	80,	69,	4,	NULL,	'2024-06-05 06:50:17',	NULL),
(26,	80,	73,	4,	NULL,	'2024-06-05 06:50:24',	NULL),
(27,	80,	78,	4,	NULL,	'2024-06-05 06:50:32',	NULL),
(28,	80,	82,	4,	NULL,	'2024-06-05 06:50:40',	NULL),
(29,	80,	66,	4,	NULL,	'2024-06-05 06:50:49',	NULL),
(30,	80,	79,	4,	NULL,	'2024-06-05 06:51:54',	NULL),
(31,	80,	81,	4,	NULL,	'2024-06-05 06:52:37',	NULL),
(32,	80,	80,	4,	NULL,	'2024-06-05 06:52:51',	NULL),
(33,	80,	83,	4,	NULL,	'2024-06-05 06:52:58',	NULL),
(34,	80,	71,	4,	NULL,	'2024-06-05 06:53:07',	NULL),
(36,	80,	75,	4,	NULL,	'2024-06-05 06:53:25',	NULL),
(37,	80,	68,	4,	NULL,	'2024-06-05 06:53:36',	NULL),
(38,	80,	76,	4,	NULL,	'2024-06-05 06:53:44',	NULL),
(39,	80,	72,	4,	NULL,	'2024-06-05 06:53:52',	NULL),
(40,	80,	67,	4,	NULL,	'2024-06-05 06:53:58',	NULL),
(41,	80,	74,	4,	NULL,	'2024-06-05 06:54:05',	NULL),
(42,	80,	84,	4,	NULL,	'2024-06-06 04:27:49',	NULL);

DROP TABLE IF EXISTS `mapels`;
CREATE TABLE `mapels` (
  `id` bigint(20) unsigned NOT NULL AUTO_INCREMENT,
  `kode_mapel` varchar(255) COLLATE utf8mb4_unicode_ci DEFAULT NULL,
  `induk` varchar(255) COLLATE utf8mb4_unicode_ci DEFAULT NULL,
  `nama` varchar(255) COLLATE utf8mb4_unicode_ci DEFAULT NULL,
  `jenis` varchar(255) CHARACTER SET utf8mb4 DEFAULT NULL,
  `type` varchar(255) CHARACTER SET utf8mb4 DEFAULT NULL,
  `jurusan` varchar(255) CHARACTER SET utf8mb4 DEFAULT NULL,
  `jp` varchar(255) COLLATE utf8mb4_unicode_ci DEFAULT NULL,
  `created_by` int(11) DEFAULT NULL,
  `updated_by` int(11) DEFAULT NULL,
  `created_at` timestamp NULL DEFAULT NULL,
  `updated_at` timestamp NULL DEFAULT NULL,
  PRIMARY KEY (`id`),
  KEY `jurusan` (`jurusan`)
) ENGINE=InnoDB DEFAULT CHARSET=utf8mb4 COLLATE=utf8mb4_unicode_ci;

INSERT INTO `mapels` (`id`, `kode_mapel`, `induk`, `nama`, `jenis`, `type`, `jurusan`, `jp`, `created_by`, `updated_by`, `created_at`, `updated_at`) VALUES
(64,	'AH',	'PAI',	'Al-Quran Hadis',	'A',	'Teori',	'IPA',	'2',	4,	NULL,	'2024-06-05 06:24:43',	NULL),
(65,	'AA',	'PAI',	'Akidah Akhlak',	'A',	'Teori',	'IPA',	'2',	4,	NULL,	'2024-06-05 06:25:17',	NULL),
(66,	'FH',	'PAI',	'Fikih',	'A',	'Teori',	'PK',	'2',	4,	NULL,	'2024-06-05 06:25:58',	NULL),
(67,	'SKI',	'PAI',	'Sejarah Kebudayaan Islam',	'A',	'Teori',	'PK',	'2',	4,	NULL,	'2024-06-05 06:26:25',	NULL),
(68,	'PKN',	NULL,	'Pendidikan Pancasila dan Kewarganegaraan',	'A',	'Teori',	'IPA',	'2',	4,	NULL,	'2024-06-05 06:27:34',	NULL),
(69,	'BI',	NULL,	'Bahasa Indonesia',	'A',	'Teori',	'IPA',	'4',	4,	NULL,	'2024-06-05 06:28:12',	NULL),
(70,	'BA',	NULL,	'Bahasa Arab',	'A',	'Teori',	'IPA',	'4',	4,	NULL,	'2024-06-05 06:28:52',	NULL),
(71,	'MTK',	NULL,	'Matematika',	'A',	'Teori',	'IPA',	'4',	4,	NULL,	'2024-06-05 06:29:35',	NULL),
(72,	'SI',	NULL,	'Sejarah Indonesia',	'A',	'Teori',	'IPA',	'2',	4,	NULL,	'2024-06-05 06:30:26',	NULL),
(73,	'BING',	NULL,	'Bahasa Inggris',	'A',	'Teori',	'IPA',	'3',	4,	NULL,	'2024-06-05 06:31:01',	NULL),
(74,	'SNB',	NULL,	'Seni Budaya',	'B',	'Teori',	'IPA',	'2',	4,	NULL,	'2024-06-05 06:32:13',	NULL),
(75,	'PJOK',	NULL,	'Pendidikan Jasmani Olahraga dan Keshatan',	'B',	'Pratikum',	'IPA',	'2',	4,	4,	'2024-06-05 06:32:57',	'2024-06-05 18:07:23'),
(76,	'PKWU',	NULL,	'Prakarya dan Kewirausahaan',	'A',	'Teori',	'IPA',	'2',	4,	4,	'2024-06-05 06:33:31',	'2024-06-05 06:35:49'),
(78,	'BIOLOGI PM',	NULL,	'Biologi',	'C',	'Teori',	'IPA',	'3',	4,	4,	'2024-06-05 06:40:38',	'2024-06-05 06:43:27'),
(79,	'FSK PM',	NULL,	'Fisika',	'C',	'Teori',	'IPA',	'3',	4,	NULL,	'2024-06-05 06:41:43',	NULL),
(80,	'KM PM',	NULL,	'Kimia',	'C',	'Teori',	'IPA',	'3',	4,	NULL,	'2024-06-05 06:42:21',	NULL),
(81,	'FSK PL',	NULL,	'Fisika',	'C',	'Teori',	'IPA',	'3',	4,	NULL,	'2024-06-05 06:45:28',	NULL),
(82,	'BIO PL',	NULL,	'Biologi',	'C',	'Teori',	'IPA',	'3',	4,	NULL,	'2024-06-05 06:45:53',	NULL),
(83,	'KM PL',	NULL,	'Kimia',	'C',	'Teori',	'IPA',	'3',	4,	NULL,	'2024-06-05 06:46:27',	NULL),
(84,	'MTK P',	NULL,	'Matematika',	'C',	'Teori',	'IPA',	'3',	4,	NULL,	'2024-06-05 17:23:05',	NULL),
(85,	'fska',	NULL,	'fisikaaa',	'A',	NULL,	'IPA',	'4',	NULL,	NULL,	'2024-06-07 02:31:58',	'2024-06-07 02:31:58'),
(86,	' mtka',	NULL,	'matemakia',	'A',	NULL,	'IPA',	'4',	NULL,	NULL,	'2024-06-07 02:31:58',	'2024-06-07 02:31:58'),
(87,	'fska',	'-',	'fisikaaa',	'A',	NULL,	'IPA',	'4',	NULL,	NULL,	'2024-06-07 02:32:54',	'2024-06-07 02:32:54'),
(88,	' mtka',	'-',	'matemakia',	'A',	NULL,	'IPA',	'4',	NULL,	NULL,	'2024-06-07 02:32:54',	'2024-06-07 02:32:54'),
(89,	'fska',	'-',	'fisikaaa',	'A',	NULL,	'IPA',	'4',	NULL,	NULL,	'2024-06-07 02:33:44',	'2024-06-07 02:33:44'),
(90,	' mtka',	'-',	'matemakia',	'A',	NULL,	'IPA',	'4',	NULL,	NULL,	'2024-06-07 02:33:44',	'2024-06-07 02:33:44');

DROP TABLE IF EXISTS `migrations`;
CREATE TABLE `migrations` (
  `id` int(10) unsigned NOT NULL AUTO_INCREMENT,
  `migration` varchar(255) COLLATE utf8mb4_unicode_ci NOT NULL,
  `batch` int(11) NOT NULL,
  PRIMARY KEY (`id`)
) ENGINE=InnoDB DEFAULT CHARSET=utf8mb4 COLLATE=utf8mb4_unicode_ci;

INSERT INTO `migrations` (`id`, `migration`, `batch`) VALUES
(1,	'2014_10_12_000000_create_users_table',	1),
(2,	'2014_10_12_100000_create_password_resets_table',	1),
(3,	'2019_08_19_000000_create_failed_jobs_table',	1),
(4,	'2019_12_14_000001_create_personal_access_tokens_table',	1),
(5,	'2023_02_25_043411_create_jabatans_table',	2),
(6,	'2023_02_25_090809_create_gurus_table',	2),
(8,	'2023_02_26_052712_create_users_table',	4),
(9,	'2023_02_26_061253_create_users_table',	5),
(10,	'2023_02_26_111906_create_mapels_table',	6),
(11,	'2023_02_27_053801_create_suratmasuks_table',	7),
(12,	'2023_02_27_055514_create_suratmasuks_table',	8),
(13,	'2023_02_27_062823_create_surat_masuks_table',	9),
(14,	'2023_02_27_063241_create_surat_masuks_table',	10),
(15,	'2023_02_28_035122_create_surat_masuk_terkirims_table',	11),
(17,	'2023_02_28_045333_create_surat_masuk_terkirims_table',	12),
(19,	'2023_03_03_023525_create_surat_masuk_disposisis_table',	13),
(23,	'2023_03_03_045456_create_naskahs_table',	14),
(24,	'2023_05_25_143059_create_tamus_table',	15),
(25,	'2023_05_28_150306_create_informasi_surats_table',	16),
(26,	'2023_05_29_145631_create_isi_surats_table',	16),
(27,	'2023_05_29_150312_create_tujuan_surats_table',	16),
(28,	'2023_05_29_150501_create_lampiran_surats_table',	16),
(29,	'2023_05_29_150624_create_tembusan_surats_table',	16),
(30,	'2023_05_29_150754_create_verifikasi_surats_table',	16),
(31,	'2023_06_02_150618_create_tembusan_surats_table',	17),
(32,	'2023_06_04_041442_create_verifikasi_surats_table',	18),
(33,	'2023_06_04_152626_create_informasi_surats_table',	19),
(34,	'2023_06_04_152810_create_isi_surats_table',	20),
(35,	'2023_06_06_143248_create_tanda_tangan_surats_table',	21),
(37,	'2023_08_14_210806_create_kelas_table',	22),
(39,	'2023_08_15_212809_create_absensis_table',	23),
(40,	'2023_08_14_210517_create_siswas_table',	24),
(43,	'2023_02_25_095146_create_gurus_table',	25),
(44,	'2023_08_24_222441_create_orang_tuas_table',	26),
(45,	'2023_08_29_999999_add_active_status_to_users',	27),
(46,	'2023_08_29_999999_add_avatar_to_users',	27),
(47,	'2023_08_29_999999_add_dark_mode_to_users',	27),
(48,	'2023_08_29_999999_add_messenger_color_to_users',	27),
(49,	'2023_08_29_999999_create_chatify_favorites_table',	27),
(50,	'2023_08_29_999999_create_chatify_messages_table',	27),
(51,	'2023_08_30_999999_add_active_status_to_users',	28),
(52,	'2023_08_30_999999_add_avatar_to_users',	28),
(53,	'2023_08_30_999999_add_dark_mode_to_users',	28),
(54,	'2023_08_30_999999_add_messenger_color_to_users',	28),
(55,	'2023_08_30_999999_create_chatify_favorites_table',	29),
(56,	'2023_08_30_999999_create_chatify_messages_table',	29),
(57,	'2023_08_31_999999_add_active_status_to_users',	30),
(58,	'2023_08_31_999999_add_avatar_to_users',	30),
(59,	'2023_08_31_999999_add_dark_mode_to_users',	30),
(60,	'2023_08_31_999999_add_messenger_color_to_users',	30),
(61,	'2023_08_31_999999_create_chatify_favorites_table',	30),
(62,	'2023_08_31_999999_create_chatify_messages_table',	30),
(63,	'2019_08_19_000000_create_failed_jobs_table copy',	31),
(64,	'2023_09_28_122624_create_waktus_table',	32),
(65,	'2023_09_28_142326_add_jp_at_to_waktus_table',	33),
(66,	'2023_09_29_135136_create_haris_table',	34),
(67,	'2023_09_29_204623_create_ruangans_table',	35),
(68,	'2023_09_29_210542_create_ruangans_table',	36),
(69,	'2023_09_29_220437_create_jurusans_table',	37),
(70,	'2023_09_30_102239_create_mapels_table',	38),
(71,	'2023_09_30_124915_create_pengampus_table',	39),
(72,	'2023_10_01_121025_create_jadwalmapels_table',	40),
(73,	'2023_10_02_141454_add_kode_pengampu_at_to_pengampus_table',	41),
(74,	'2023_10_02_184712_add_status_at_to_jadwalmapels_table',	42),
(75,	'2023_10_02_231003_add_status_at_to_users_table',	43),
(76,	'2023_10_03_230110_add_id_user_at_to_siswas_table',	44),
(77,	'2023_10_09_200223_add_kode_jadwalmapel_at_to_jadwalmapels_table',	45),
(78,	'2023_10_11_125810_create_tahunajars_table',	46),
(79,	'2023_10_11_151715_create_walas_table',	47),
(80,	'2023_10_12_142424_add_induk_at_to_mapels_table',	48),
(81,	'2023_10_12_143859_add_jurusan_at_to_kelas_table',	49),
(82,	'2023_10_12_175523_create_ekstras_table',	50),
(83,	'2023_10_12_193529_add_image_at_to_ekstras_table',	51),
(84,	'2023_10_12_194518_add_image_at_to_ekstras_table',	52),
(85,	'2023_10_12_201731_create_ekstranilais_table',	53),
(86,	'2023_10_13_151408_create_cttnwalas_table',	54),
(87,	'2023_10_14_110154_create_nilaisosials_table',	55),
(88,	'2023_10_14_134656_create_nilaispirituals_table',	56),
(89,	'2023_10_14_142213_create_nilaiprestasis_table',	57),
(90,	'2023_10_14_212749_create_nilaimapels_table',	58),
(91,	'2023_10_15_154705_create_rombels_table',	58),
(92,	'2023_10_15_161103_create_rombelsiswas_table',	58),
(93,	'2023_10_16_131001_create_rombelsiswas_table',	59),
(94,	'2023_10_16_203141_create_seksis_table',	60),
(95,	'2023_10_20_131724_add_tahunajar_at_to_cttnwalas_table',	61),
(96,	'2023_10_22_110315_create_ki3s_table',	62),
(97,	'2023_10_22_135829_create_ki4s_table',	63),
(98,	'2023_10_23_235333_create_kd4s_table',	64),
(99,	'2023_10_23_235447_create_kd3s_table',	64),
(100,	'2023_10_24_132040_create_nilai_kd3s_table',	65),
(101,	'2023_10_24_132045_create_nilai_kd4s_table',	65),
(102,	'2023_10_25_195730_create_nilaisiswa_kd3s_table',	66),
(103,	'2023_10_25_195816_create_nilaisiswa_kd4s_table',	66),
(104,	'2023_10_26_125830_create_kkms_table',	67),
(105,	'2023_10_30_221309_add_last_at_to_users_table',	68),
(106,	'2023_10_30_221535_add_last_at_to_users_table',	69),
(107,	'2023_11_03_100008_create_infos_table',	70),
(108,	'2023_11_03_114513_add_tugas_at_to_nilaisiswa_kd3s_table',	71),
(109,	'2023_11_03_114629_add_tugas_at_to_nilaisiswa_kd4s_table',	71),
(110,	'2023_11_03_115003_add_materi_at_to_nilaisiswa_kd4s_table',	72),
(111,	'2023_11_03_115010_add_materi_at_to_nilaisiswa_kd3s_table',	72),
(112,	'2023_11_03_202235_add_last_at_to_nilaisiswa_kd3s_table',	73),
(113,	'2023_11_03_202248_add_last_at_to_nilaisiswa_kd4s_table',	73),
(114,	'2023_11_28_224044_add_last_at_to_softdeletes_siswas_table',	74),
(115,	'2023_11_28_224945_add_last_at_to_softdeletes_gurus_table',	75),
(116,	'2023_11_28_225131_add_softdelets_at_to_gurus_table',	76),
(117,	'2023_11_28_225304_add_softdelets_at_to_orang_tuas_table',	77),
(118,	'2024_02_29_110919_add_ttl_at_to_siswas_table',	78),
(119,	'2024_03_03_171025_add_tahunajar_at_to_jadwalmapels_table',	79),
(120,	'2024_03_07_121934_add_tahunajar_at_to_rombels_table',	80),
(121,	'2024_03_08_172735_add_datasiswa_at_to_siswas_table',	81),
(122,	'2024_03_08_230546_create_rapors_table',	82),
(123,	'2024_03_08_233241_create_catata_walas_table',	82),
(124,	'2024_03_13_150112_create_nilais_table',	83);

DROP TABLE IF EXISTS `nilais`;
CREATE TABLE `nilais` (
  `id` bigint(20) unsigned NOT NULL AUTO_INCREMENT,
  `kode_nilai` varchar(255) COLLATE utf8mb4_unicode_ci DEFAULT NULL,
  `id_seksi` varchar(255) COLLATE utf8mb4_unicode_ci DEFAULT NULL,
  `id_rombelsiswa` varchar(255) COLLATE utf8mb4_unicode_ci DEFAULT NULL,
  `id_tahunajar` varchar(255) COLLATE utf8mb4_unicode_ci DEFAULT NULL,
  `nilai_pengetahuan` varchar(255) COLLATE utf8mb4_unicode_ci DEFAULT NULL,
  `nilai_pengetahuan_akhir` varchar(255) COLLATE utf8mb4_unicode_ci DEFAULT NULL,
  `nilai_keterampilan` varchar(255) COLLATE utf8mb4_unicode_ci DEFAULT NULL,
  `catatan_pengetahuan` varchar(255) COLLATE utf8mb4_unicode_ci DEFAULT NULL,
  `catatan_keterampilan` varchar(255) COLLATE utf8mb4_unicode_ci DEFAULT NULL,
  `type_nilai` varchar(255) COLLATE utf8mb4_unicode_ci DEFAULT NULL,
  `type_keterampilan` varchar(255) COLLATE utf8mb4_unicode_ci DEFAULT NULL,
  `ph` varchar(255) COLLATE utf8mb4_unicode_ci DEFAULT NULL,
  `kd` varchar(255) COLLATE utf8mb4_unicode_ci DEFAULT NULL,
  `status` varchar(255) COLLATE utf8mb4_unicode_ci DEFAULT NULL,
  `created_at` timestamp NULL DEFAULT NULL,
  `updated_at` timestamp NULL DEFAULT NULL,
  PRIMARY KEY (`id`)
) ENGINE=InnoDB DEFAULT CHARSET=utf8mb4 COLLATE=utf8mb4_unicode_ci;


DROP TABLE IF EXISTS `orang_tuas`;
CREATE TABLE `orang_tuas` (
  `id` bigint(20) unsigned NOT NULL AUTO_INCREMENT,
  `kode_ortu` varchar(255) COLLATE utf8mb4_unicode_ci DEFAULT NULL,
  `id_user` int(11) DEFAULT NULL,
  `nama` varchar(255) COLLATE utf8mb4_unicode_ci DEFAULT NULL,
  `id_siswa` int(11) DEFAULT NULL,
  `no_hp` varchar(255) COLLATE utf8mb4_unicode_ci DEFAULT NULL,
  `created_by` int(11) DEFAULT NULL,
  `updated_by` int(11) DEFAULT NULL,
  `created_at` timestamp NULL DEFAULT NULL,
  `updated_at` timestamp NULL DEFAULT NULL,
  `deleted_at` timestamp NULL DEFAULT NULL,
  PRIMARY KEY (`id`)
) ENGINE=InnoDB DEFAULT CHARSET=utf8mb4 COLLATE=utf8mb4_unicode_ci;

INSERT INTO `orang_tuas` (`id`, `kode_ortu`, `id_user`, `nama`, `id_siswa`, `no_hp`, `created_by`, `updated_by`, `created_at`, `updated_at`, `deleted_at`) VALUES
(1,	'ortu1',	224,	'Abdul',	19,	'083182718860',	1,	1,	'2023-08-24 15:57:37',	'2024-05-31 10:20:24',	NULL),
(13,	'ortu2',	244,	'Budi',	25,	'084312718860',	1,	1,	'2024-03-05 14:17:36',	'2024-05-31 10:20:14',	NULL),
(14,	'dd',	228,	'dd',	NULL,	'98776',	NULL,	NULL,	'2024-04-01 21:54:44',	'2024-04-01 21:54:50',	'2024-04-01 21:54:50'),
(15,	'ortu3',	245,	'n',	NULL,	'89877',	NULL,	NULL,	'2024-05-30 09:44:14',	'2024-05-30 09:46:34',	'2024-05-30 09:46:34'),
(16,	'ortu4',	246,	'b',	NULL,	'89877',	NULL,	NULL,	'2024-05-30 09:44:14',	'2024-05-30 09:46:31',	'2024-05-30 09:46:31'),
(17,	'ortu5',	247,	'v',	NULL,	'89877',	NULL,	NULL,	'2024-05-30 09:44:14',	'2024-05-30 09:46:24',	'2024-05-30 09:46:24'),
(20,	'OA',	259,	'ortukita',	NULL,	'053535',	1,	NULL,	'2024-06-15 17:43:27',	'2024-06-15 17:43:46',	'2024-06-15 17:43:46'),
(21,	'OK',	260,	'ortu kita',	NULL,	'05353',	1,	NULL,	'2024-06-15 17:44:15',	'2024-06-15 17:44:24',	'2024-06-15 17:44:24'),
(22,	'OK',	261,	'ortu kita',	NULL,	'353035',	NULL,	NULL,	'2024-06-15 17:48:06',	'2024-06-15 17:48:06',	NULL);

DROP TABLE IF EXISTS `password_resets`;
CREATE TABLE `password_resets` (
  `email` varchar(255) COLLATE utf8mb4_unicode_ci NOT NULL,
  `token` varchar(255) COLLATE utf8mb4_unicode_ci NOT NULL,
  `created_at` timestamp NULL DEFAULT NULL,
  PRIMARY KEY (`email`)
) ENGINE=InnoDB DEFAULT CHARSET=utf8mb4 COLLATE=utf8mb4_unicode_ci;

INSERT INTO `password_resets` (`email`, `token`, `created_at`) VALUES
('suryasahputra07@gmail.com',	'$2y$10$cRIF7RHAoW4BQNvJ9GSFne11wTpY4JLoBGMXHeNvcXEoNLW9Tq4YK',	'2024-08-16 16:20:54');

DROP TABLE IF EXISTS `pengampus`;
CREATE TABLE `pengampus` (
  `id` bigint(20) unsigned NOT NULL AUTO_INCREMENT,
  `kode_pengampu` varchar(255) COLLATE utf8mb4_unicode_ci DEFAULT NULL,
  `id_guru` int(11) DEFAULT NULL,
  `id_mapel` int(11) DEFAULT NULL,
  `kelas` varchar(255) CHARACTER SET utf8mb4 DEFAULT NULL,
  `id_tahunajar` varchar(255) CHARACTER SET utf8mb4 DEFAULT NULL,
  `created_at` timestamp NULL DEFAULT NULL,
  `updated_at` timestamp NULL DEFAULT NULL,
  `created_by` int(11) DEFAULT NULL,
  `updated_by` int(11) DEFAULT NULL,
  PRIMARY KEY (`id`)
) ENGINE=InnoDB DEFAULT CHARSET=utf8mb4 COLLATE=utf8mb4_unicode_ci;

INSERT INTO `pengampus` (`id`, `kode_pengampu`, `id_guru`, `id_mapel`, `kelas`, `id_tahunajar`, `created_at`, `updated_at`, `created_by`, `updated_by`) VALUES
(71,	'AH.YP.ut8A',	139,	64,	'20',	'3',	'2024-06-05 17:15:43',	NULL,	4,	NULL),
(72,	'AA.AN.Lx62',	142,	65,	'20',	'3',	'2024-06-05 17:16:42',	NULL,	4,	NULL),
(73,	'FH.MI.UPGV',	156,	66,	'20',	'3',	'2024-06-05 17:17:23',	NULL,	4,	NULL),
(74,	'SKI.AS.eILW',	145,	67,	'20',	'3',	'2024-06-05 17:17:46',	NULL,	4,	NULL),
(75,	'PKN.RY.j1as',	177,	68,	'20',	'3',	'2024-06-05 17:18:38',	NULL,	4,	NULL),
(76,	'BI.MA.yqMI',	155,	69,	'20',	'3',	'2024-06-05 17:19:09',	NULL,	4,	NULL),
(77,	'BA.FI.d4qb',	151,	70,	'20',	'3',	'2024-06-05 17:19:48',	NULL,	4,	NULL),
(78,	'MTK.ES.IiJN',	147,	71,	'20',	'3',	'2024-06-05 17:20:08',	NULL,	4,	NULL),
(79,	'SI.EA.5yVI',	171,	72,	'20',	'3',	'2024-06-05 17:20:34',	NULL,	4,	NULL),
(80,	'BING.WD.U1rj',	138,	73,	'20',	'3',	'2024-06-05 17:20:54',	NULL,	4,	NULL),
(81,	'SNB.RA.d9T8',	157,	74,	'20',	'3',	'2024-06-05 17:21:19',	NULL,	4,	NULL),
(82,	'PJOK.MA.xWsj',	188,	75,	'20',	'3',	'2024-06-05 17:21:45',	NULL,	4,	NULL),
(83,	'PKWU.DM.rPvJ',	168,	76,	'20',	'3',	'2024-06-05 17:22:16',	NULL,	4,	NULL),
(84,	'MTK P.WF.XmWe',	137,	84,	'20',	'3',	'2024-06-05 17:24:05',	NULL,	4,	NULL),
(85,	'BIOLOGI PM.NM.DXba',	176,	78,	'20',	'3',	'2024-06-05 17:25:08',	NULL,	4,	NULL),
(86,	'FSK PM.LI.RUHA',	173,	79,	'20',	'3',	'2024-06-05 17:25:46',	NULL,	4,	NULL),
(87,	'KM PM.AR.FqwV',	146,	80,	'20',	'3',	'2024-06-05 17:26:21',	NULL,	4,	NULL),
(88,	'KM PL.AR.N3KT',	146,	83,	'20',	'3',	'2024-06-05 17:26:47',	NULL,	4,	NULL),
(89,	'FSK PL.LI.1ozG',	173,	81,	'20',	'3',	'2024-06-05 17:27:38',	NULL,	4,	NULL),
(90,	'SI.EA.AutZ',	171,	72,	'21',	'3',	'2024-06-06 04:00:01',	NULL,	4,	NULL),
(91,	'MTK.ES.F5fm',	147,	71,	'21',	'3',	'2024-06-06 04:02:48',	NULL,	4,	NULL),
(92,	'BA.FI.EQWI',	151,	70,	'21',	'3',	'2024-06-06 04:03:32',	NULL,	4,	NULL),
(93,	'BI.MA.amUP',	155,	69,	'21',	'3',	'2024-06-06 04:08:57',	NULL,	4,	NULL),
(94,	'PKN.RY.Ol0m',	177,	68,	'21',	'3',	'2024-06-06 04:09:18',	NULL,	4,	NULL),
(95,	'SKI.SI.tDry',	159,	67,	'21',	'3',	'2024-06-06 04:09:48',	NULL,	4,	NULL),
(96,	'FH.MI.6z9A',	156,	66,	'21',	'3',	'2024-06-06 04:11:29',	NULL,	4,	NULL),
(97,	'AA.AN.HAYM',	142,	65,	'21',	'3',	'2024-06-06 04:11:57',	NULL,	4,	NULL),
(98,	'AH.FN.XOSp',	148,	64,	'21',	'3',	'2024-06-06 04:13:46',	NULL,	4,	NULL),
(99,	'FSK PL.AL.TJuZ',	167,	81,	'21',	'3',	'2024-06-06 04:14:54',	NULL,	4,	NULL),
(100,	'KM PL.SA.x1Ft',	165,	83,	'21',	'3',	'2024-06-06 04:15:34',	NULL,	4,	NULL),
(101,	'KM PM.SA.l2vk',	165,	80,	'21',	'3',	'2024-06-06 04:15:58',	NULL,	4,	NULL),
(102,	'FSK PM.AL.hq2I',	167,	79,	'21',	'3',	'2024-06-06 04:16:26',	NULL,	4,	NULL),
(103,	'BIOLOGI PM.AI.BH19',	143,	78,	'21',	'3',	'2024-06-06 04:17:00',	NULL,	4,	NULL),
(104,	'MTK P.JY.OmWA',	152,	84,	'21',	'3',	'2024-06-06 04:17:35',	NULL,	4,	NULL),
(105,	'SNB.DM.FvG6',	168,	76,	'21',	'3',	'2024-06-06 04:18:11',	'2024-06-06 04:19:32',	4,	4),
(106,	'PJOK.MA.Iy7j',	188,	75,	'21',	'3',	'2024-06-06 04:18:28',	NULL,	4,	NULL),
(107,	'SNB.RA.8SJT',	157,	74,	'21',	'3',	'2024-06-06 04:19:49',	NULL,	4,	NULL),
(108,	'BING.FJ.67Jd',	149,	73,	'21',	'3',	'2024-06-06 04:20:15',	NULL,	4,	NULL),
(109,	'BING.LN.MxTb',	154,	73,	'22',	'3',	'2024-06-06 16:22:17',	NULL,	4,	NULL),
(110,	'SNB.MI.uX4n',	175,	74,	'22',	'3',	'2024-06-06 16:23:03',	NULL,	4,	NULL),
(111,	'PJOK.MA.Z9fM',	188,	75,	'22',	'3',	'2024-06-06 16:23:43',	NULL,	4,	NULL),
(112,	'PKWU.DM.RMtj',	168,	76,	'22',	'3',	'2024-06-06 16:25:10',	NULL,	4,	NULL),
(113,	'MTK.FY.lLcF',	172,	71,	'22',	'3',	'2024-06-06 16:25:53',	NULL,	4,	NULL),
(114,	'BIOLOGI PM.AI.WXby',	143,	78,	'22',	'3',	'2024-06-06 16:27:04',	NULL,	4,	NULL),
(115,	'FSK PM.LI.M2kU',	173,	79,	'22',	'3',	'2024-06-06 16:27:48',	NULL,	4,	NULL),
(116,	'KM PM.SA.fGAe',	165,	80,	'22',	'3',	'2024-06-06 16:28:30',	NULL,	4,	NULL),
(117,	'KM PL.SA.hTqx',	165,	83,	'22',	'3',	'2024-06-06 16:28:56',	NULL,	4,	NULL),
(118,	'FSK PL.LI.qdK7',	173,	81,	'22',	'3',	'2024-06-06 16:29:30',	NULL,	4,	NULL),
(119,	'AH.SH.LzMW',	161,	64,	'22',	'3',	'2024-06-06 16:30:27',	NULL,	4,	NULL),
(120,	'AA.AN.l9yx',	142,	65,	'22',	'3',	'2024-06-06 16:31:02',	NULL,	4,	NULL),
(121,	'FH.MI.GmNI',	156,	66,	'22',	'3',	'2024-06-06 16:31:35',	NULL,	4,	NULL),
(122,	'SKI.AS.W1xI',	145,	67,	'22',	'3',	'2024-06-06 16:32:05',	NULL,	4,	NULL),
(123,	'PKN.RY.tASD',	177,	68,	'22',	'3',	'2024-06-06 16:32:34',	NULL,	4,	NULL),
(124,	'BI.RS.a907',	164,	69,	'22',	'3',	'2024-06-06 16:33:20',	NULL,	4,	NULL),
(125,	'BA.FI.quXD',	151,	70,	'22',	'3',	'2024-06-06 16:33:50',	NULL,	4,	NULL),
(126,	'MTK.ES.0QsC',	147,	71,	'22',	'3',	'2024-06-06 16:34:26',	NULL,	4,	NULL),
(127,	'SI.EA.g72p',	171,	72,	'22',	'3',	'2024-06-06 16:34:47',	NULL,	4,	NULL);

DROP TABLE IF EXISTS `personal_access_tokens`;
CREATE TABLE `personal_access_tokens` (
  `id` bigint(20) unsigned NOT NULL AUTO_INCREMENT,
  `tokenable_type` varchar(255) COLLATE utf8mb4_unicode_ci NOT NULL,
  `tokenable_id` bigint(20) unsigned NOT NULL,
  `name` varchar(255) COLLATE utf8mb4_unicode_ci NOT NULL,
  `token` varchar(64) COLLATE utf8mb4_unicode_ci NOT NULL,
  `abilities` text COLLATE utf8mb4_unicode_ci,
  `last_used_at` timestamp NULL DEFAULT NULL,
  `expires_at` timestamp NULL DEFAULT NULL,
  `created_at` timestamp NULL DEFAULT NULL,
  `updated_at` timestamp NULL DEFAULT NULL,
  PRIMARY KEY (`id`),
  UNIQUE KEY `personal_access_tokens_token_unique` (`token`),
  KEY `personal_access_tokens_tokenable_type_tokenable_id_index` (`tokenable_type`,`tokenable_id`)
) ENGINE=InnoDB DEFAULT CHARSET=utf8mb4 COLLATE=utf8mb4_unicode_ci;

INSERT INTO `personal_access_tokens` (`id`, `tokenable_type`, `tokenable_id`, `name`, `token`, `abilities`, `last_used_at`, `expires_at`, `created_at`, `updated_at`) VALUES
(1,	'App\\Models\\User',	1,	'authToken',	'c6f08cc11890bc72d8e14e7da3cfe3de4b2dde694e7bedbf5c302e7f22bcd58e',	'[\"*\"]',	NULL,	NULL,	'2023-08-07 16:56:12',	'2023-08-07 16:56:12'),
(2,	'App\\Models\\User',	1,	'authToken',	'c5d143b6511d95a89246e8ff1290d1589b7b89a1bf173c57ece0fab6019c2cec',	'[\"*\"]',	NULL,	NULL,	'2023-08-07 17:01:01',	'2023-08-07 17:01:01'),
(3,	'App\\Models\\User',	1,	'authToken',	'4788c0a797415ab688932ec26cfb48bead6572fefb2d5d5c59a6abd4d21e38ac',	'[\"*\"]',	NULL,	NULL,	'2023-08-10 14:29:00',	'2023-08-10 14:29:00'),
(4,	'App\\Models\\User',	1,	'authToken',	'38f81746dc73c502c0f215c3c59d7f1a9cd8df379db6fd3dbb2e05f6e9b03d88',	'[\"*\"]',	NULL,	NULL,	'2023-08-10 15:48:32',	'2023-08-10 15:48:32'),
(5,	'App\\Models\\User',	1,	'authToken',	'6d2a01ba98de81de0d83a5318a9afe1cdcb00f67a0f9619f6be1212cafd88598',	'[\"*\"]',	NULL,	NULL,	'2023-08-10 16:36:18',	'2023-08-10 16:36:18'),
(6,	'App\\Models\\User',	1,	'authToken',	'e7fa20598ea41ecf426ebf998171634840b3535e6fcfd23a3540e5cf777ca16f',	'[\"*\"]',	NULL,	NULL,	'2023-08-10 16:44:21',	'2023-08-10 16:44:21'),
(7,	'App\\Models\\User',	1,	'authToken',	'bcf6fdb99ca04b73732ba769d056da55cee3029624db0aa3b742edac378e1624',	'[\"*\"]',	NULL,	NULL,	'2023-08-10 16:56:12',	'2023-08-10 16:56:12'),
(8,	'App\\Models\\User',	1,	'authToken',	'd6430681deae7c5e32d26fc9d03a9c680a3d5bead165e213dc19e0b5cbb2a6a9',	'[\"*\"]',	NULL,	NULL,	'2023-08-10 16:56:49',	'2023-08-10 16:56:49'),
(9,	'App\\Models\\User',	1,	'authToken',	'afe782110925a8fb2aaff132d8a8c3b48b67ebf86d05f39e4bd78e2b9fa652ff',	'[\"*\"]',	NULL,	NULL,	'2023-08-10 17:30:33',	'2023-08-10 17:30:33'),
(10,	'App\\Models\\User',	1,	'authToken',	'5a64e147f959c82673493277314cbc940b76f713a288f0848d095fbbcef9568c',	'[\"*\"]',	NULL,	NULL,	'2023-08-11 04:23:19',	'2023-08-11 04:23:19'),
(11,	'App\\Models\\User',	1,	'authToken',	'f21476467a2826969239ab572bc459c5ae349ee99d37655c44bd70a7af8b15b4',	'[\"*\"]',	NULL,	NULL,	'2023-08-11 04:25:10',	'2023-08-11 04:25:10'),
(12,	'App\\Models\\User',	1,	'authToken',	'06f1864d93e4274384557063ca642f81ad722fd0547b54b5fb186487a22cda51',	'[\"*\"]',	NULL,	NULL,	'2023-08-11 04:27:46',	'2023-08-11 04:27:46'),
(13,	'App\\Models\\User',	1,	'authToken',	'4f26f035a2690e0f338acce34e8cb73826739bc5cb20b8e97b40b2426b650d16',	'[\"*\"]',	NULL,	NULL,	'2023-08-11 05:01:55',	'2023-08-11 05:01:55'),
(14,	'App\\Models\\User',	1,	'authToken',	'd681295183ead1abb5ab0609ac2c0a431d6525ff1a31103795f077ecfeebf081',	'[\"*\"]',	NULL,	NULL,	'2023-08-11 10:41:40',	'2023-08-11 10:41:40'),
(15,	'App\\Models\\User',	1,	'authToken',	'b9fdccb514b209418b218090bb513d5248da2cc6e5c556b400ee85380ebbbe3f',	'[\"*\"]',	NULL,	NULL,	'2023-08-11 12:48:01',	'2023-08-11 12:48:01'),
(16,	'App\\Models\\User',	1,	'authToken',	'8cb250103ffedbc63b071574f6edf0bc8b1476d11fbf03dacffed8c724b94077',	'[\"*\"]',	NULL,	NULL,	'2023-08-12 05:04:08',	'2023-08-12 05:04:08'),
(17,	'App\\Models\\User',	1,	'authToken',	'84bd88aa0db34b56d1e3e8ca0935a1018eaf535c46044db500e882bad7f65606',	'[\"*\"]',	NULL,	NULL,	'2023-08-12 05:38:42',	'2023-08-12 05:38:42'),
(18,	'App\\Models\\User',	1,	'authToken',	'b71b0b92111ae5308b0467206f300f67c75494ea9ce6e7817a614cbc1de2a440',	'[\"*\"]',	NULL,	NULL,	'2023-08-12 10:15:08',	'2023-08-12 10:15:08'),
(19,	'App\\Models\\User',	1,	'authToken',	'ed167006782febb50a36397c3aee7c6dfde236c51a1cdef9f2ae3437bcb7ed7d',	'[\"*\"]',	NULL,	NULL,	'2023-08-12 10:24:53',	'2023-08-12 10:24:53'),
(20,	'App\\Models\\User',	1,	'authToken',	'cfcc96181d3a5b273db0d606e42589aff93caa2a5d9b5a9ee714621a90911ff3',	'[\"*\"]',	NULL,	NULL,	'2023-08-12 11:18:52',	'2023-08-12 11:18:52'),
(21,	'App\\Models\\User',	1,	'authToken',	'edbdc78ee2dcb3dc6e4fcb8add464111634659adbdec750777113e3e4150e021',	'[\"*\"]',	NULL,	NULL,	'2023-08-12 11:25:10',	'2023-08-12 11:25:10'),
(22,	'App\\Models\\User',	1,	'authToken',	'9f6332f5b1ec665ddbff6b1947714c3803dcb23889799c13344f4785e1ee7aa9',	'[\"*\"]',	NULL,	NULL,	'2023-08-12 11:35:59',	'2023-08-12 11:35:59'),
(23,	'App\\Models\\User',	1,	'authToken',	'4c01c351693bbf616a8455c093655a9a21e911eb87b6846d8a7ec0063d419cac',	'[\"*\"]',	NULL,	NULL,	'2023-08-13 05:48:14',	'2023-08-13 05:48:14'),
(24,	'App\\Models\\User',	1,	'authToken',	'd2b18797b980d7b471ebc325200005fb2b9a65443c23f6a1bccfb5c1f00b3b7f',	'[\"*\"]',	NULL,	NULL,	'2023-08-13 06:04:00',	'2023-08-13 06:04:00'),
(25,	'App\\Models\\User',	1,	'authToken',	'eadd98283877a0a301756f60d7ac60faf2907fed2b6179dd9f8b4abb6790ee34',	'[\"*\"]',	NULL,	NULL,	'2023-08-13 06:12:34',	'2023-08-13 06:12:34'),
(26,	'App\\Models\\User',	1,	'authToken',	'1bd5031cb304500a36bdd523873266222aaff0fde04ebd6bc2fc5b4ea7ea1d98',	'[\"*\"]',	NULL,	NULL,	'2023-08-13 06:14:45',	'2023-08-13 06:14:45'),
(27,	'App\\Models\\User',	1,	'authToken',	'ec69528b990e5a9f4b3281a38609577f75c19de3d68ed01df93fed5418ef27de',	'[\"*\"]',	NULL,	NULL,	'2023-08-13 06:17:05',	'2023-08-13 06:17:05'),
(28,	'App\\Models\\User',	1,	'authToken',	'115d698cb09608a6a614177e98063e20e7f3e9be733ea968cd9bbda274313648',	'[\"*\"]',	NULL,	NULL,	'2023-08-13 06:25:51',	'2023-08-13 06:25:51'),
(29,	'App\\Models\\User',	1,	'authToken',	'bad0baa7ba1509d9c8952cd74e7a11ceb0d8b4268a21502a45392c74045c1912',	'[\"*\"]',	NULL,	NULL,	'2023-08-13 06:27:40',	'2023-08-13 06:27:40'),
(30,	'App\\Models\\User',	1,	'authToken',	'28affd4b55f8f501f0bb54727ffe228f3ffec5e3aaca8d676cd0cc3419539651',	'[\"*\"]',	NULL,	NULL,	'2023-08-13 06:35:17',	'2023-08-13 06:35:17'),
(31,	'App\\Models\\User',	1,	'authToken',	'0d0560876d96693d24a39eb6282c0ee143309d1bfa8c6fff8145734912a6cec3',	'[\"*\"]',	NULL,	NULL,	'2023-08-13 06:50:00',	'2023-08-13 06:50:00'),
(32,	'App\\Models\\User',	1,	'authToken',	'c04f89d5046aac9afee1a3e837a68513cc0355e03eaa1964ddf81725bca33e44',	'[\"*\"]',	NULL,	NULL,	'2023-08-13 08:08:10',	'2023-08-13 08:08:10'),
(33,	'App\\Models\\User',	1,	'authToken',	'381ce46c66acd60d739df269c001d4adcccdb0f8761e9fef42be1f42afb58a2f',	'[\"*\"]',	NULL,	NULL,	'2023-08-13 08:10:16',	'2023-08-13 08:10:16'),
(34,	'App\\Models\\User',	1,	'authToken',	'aafab8befc96538779e7a283b71072d03c90a428b6e10d0b188350bc2dce8aba',	'[\"*\"]',	NULL,	NULL,	'2023-08-14 07:40:28',	'2023-08-14 07:40:28'),
(35,	'App\\Models\\User',	1,	'authToken',	'84c73c2b1fce45e6a28c6cccff096bca97b6b06326823ce4ad94d0a4cb3dd313',	'[\"*\"]',	NULL,	NULL,	'2023-08-14 08:01:02',	'2023-08-14 08:01:02'),
(36,	'App\\Models\\User',	1,	'authToken',	'a628a7570193c80095a2e3b6428c99bff071d8c90c5daeda907c79676978ad54',	'[\"*\"]',	NULL,	NULL,	'2023-08-14 08:01:39',	'2023-08-14 08:01:39'),
(37,	'App\\Models\\User',	1,	'authToken',	'c44a6ae0bc93a4bbeeefd5e5af4990401ce3c174a57c47d5b1fb68459c3385af',	'[\"*\"]',	NULL,	NULL,	'2023-08-14 08:31:39',	'2023-08-14 08:31:39'),
(38,	'App\\Models\\User',	1,	'authToken',	'2554d39ff60bb02418aeae96e3edc72703a0b2eb00450b99f8efb95726eacd22',	'[\"*\"]',	NULL,	NULL,	'2023-08-14 10:20:59',	'2023-08-14 10:20:59'),
(39,	'App\\Models\\User',	1,	'authToken',	'a3b9ee80262ed8b483305cd5ec40df2314801b96fa03a2a80152d1fe3e3d0d05',	'[\"*\"]',	NULL,	NULL,	'2023-08-14 10:33:29',	'2023-08-14 10:33:29'),
(40,	'App\\Models\\User',	1,	'authToken',	'f08703aa65c39ed511d5bdc381800777558c165eb7951425a74fb940433af95e',	'[\"*\"]',	NULL,	NULL,	'2023-08-14 10:40:30',	'2023-08-14 10:40:30'),
(41,	'App\\Models\\User',	1,	'authToken',	'111c3bd6e0b38568dddf317f23fa8904b54d369d680e771b99ea57b1b7d964d8',	'[\"*\"]',	NULL,	NULL,	'2023-08-14 10:40:30',	'2023-08-14 10:40:30'),
(42,	'App\\Models\\User',	1,	'authToken',	'a4fc52ca53af2d26763a2be426ca9c30c9acfb4d753b006a8463e1b6d02424e5',	'[\"*\"]',	NULL,	NULL,	'2023-08-14 10:40:31',	'2023-08-14 10:40:31'),
(43,	'App\\Models\\User',	1,	'authToken',	'0008d670798cd85240b2c80f637bb31814114224977e8bd56ed3517bdb7793ae',	'[\"*\"]',	NULL,	NULL,	'2023-08-14 10:40:31',	'2023-08-14 10:40:31'),
(44,	'App\\Models\\User',	1,	'authToken',	'15c5960781eebbe78c8e1489e7e547beb857af5f7b3f60b09bb8d2096b345726',	'[\"*\"]',	NULL,	NULL,	'2023-08-14 10:40:32',	'2023-08-14 10:40:32'),
(45,	'App\\Models\\User',	1,	'authToken',	'84cad9f3de43408a72ed37ff9fee16ff07805c81852b8c6bf3f1adc3b61c887e',	'[\"*\"]',	NULL,	NULL,	'2023-08-14 10:40:32',	'2023-08-14 10:40:32'),
(46,	'App\\Models\\User',	1,	'authToken',	'4f314745fac4f997b80fd2cc1519b7b12583d6596968c4f42361f0b9a1a65a34',	'[\"*\"]',	NULL,	NULL,	'2023-08-14 10:40:32',	'2023-08-14 10:40:32'),
(47,	'App\\Models\\User',	1,	'authToken',	'a8cd4cd00db6aaabc7ffd67d5d1bceaf7b8da91c9b5d7e0a749728a4f0498556',	'[\"*\"]',	NULL,	NULL,	'2023-08-14 10:40:33',	'2023-08-14 10:40:33'),
(48,	'App\\Models\\User',	1,	'authToken',	'10c8526f73618c2efa73f683fe638666d062318211ba29ba9be53849d2de6796',	'[\"*\"]',	NULL,	NULL,	'2023-08-14 10:40:33',	'2023-08-14 10:40:33'),
(49,	'App\\Models\\User',	1,	'authToken',	'7a9ea1dc88d2f88a93ada559939a7ee5d81e5a01b86f619cbdacc564d38cb945',	'[\"*\"]',	NULL,	NULL,	'2023-08-14 10:40:33',	'2023-08-14 10:40:33'),
(50,	'App\\Models\\User',	1,	'authToken',	'5af892abbecb1b6d18f85731ebcb204b8588529a2b81c5ea35c14a326fd7d17a',	'[\"*\"]',	NULL,	NULL,	'2023-08-14 10:42:32',	'2023-08-14 10:42:32'),
(51,	'App\\Models\\User',	1,	'authToken',	'57c944888a5398238c92d3c8172340fb05bb64c6565d91717d124af3850bfef8',	'[\"*\"]',	NULL,	NULL,	'2023-08-14 10:43:22',	'2023-08-14 10:43:22'),
(52,	'App\\Models\\User',	1,	'authToken',	'35087e7726b2e8202f89d9d0f1fc0ea4819d9def674507d986483ed7a30523bf',	'[\"*\"]',	NULL,	NULL,	'2023-08-14 10:45:40',	'2023-08-14 10:45:40'),
(53,	'App\\Models\\User',	1,	'authToken',	'8249e22ad8627ee3e9394fcac0741d88bae1b13f10169e596e0e9a7af2cac680',	'[\"*\"]',	NULL,	NULL,	'2023-08-14 10:48:52',	'2023-08-14 10:48:52'),
(54,	'App\\Models\\User',	1,	'authToken',	'0e1a5d4e3295e3d09cbfbb342e5e03faaf897766429ba45d5da9c766e5607853',	'[\"*\"]',	NULL,	NULL,	'2023-08-14 10:55:13',	'2023-08-14 10:55:13'),
(55,	'App\\Models\\User',	1,	'authToken',	'af1c09b6e5dcf5e47c7210d36f920d1c94dcfe05036c29545faa1e880864d45c',	'[\"*\"]',	NULL,	NULL,	'2023-08-14 10:57:30',	'2023-08-14 10:57:30'),
(56,	'App\\Models\\User',	1,	'authToken',	'1415842907706dffc65db894ae38fe53e87e44f8766e66c914834db3c9ed7000',	'[\"*\"]',	NULL,	NULL,	'2023-08-14 10:59:20',	'2023-08-14 10:59:20'),
(57,	'App\\Models\\User',	1,	'authToken',	'dbe3ac290f7d41641addb7deab4e607c22c4e984b7ee41bcc2de00cb9143cf42',	'[\"*\"]',	NULL,	NULL,	'2023-08-14 11:11:03',	'2023-08-14 11:11:03'),
(58,	'App\\Models\\User',	1,	'authToken',	'5ea55a9caa866125155a821013acbbaa8d3ea6a057ea588a48f3a82b7dd04368',	'[\"*\"]',	NULL,	NULL,	'2023-08-14 11:18:00',	'2023-08-14 11:18:00'),
(59,	'App\\Models\\User',	1,	'authToken',	'03f1dc8836ee49b84045ae38529c05209a90faca1344876825dad5ab3445efdd',	'[\"*\"]',	NULL,	NULL,	'2023-08-14 11:19:54',	'2023-08-14 11:19:54'),
(60,	'App\\Models\\User',	1,	'authToken',	'd484af8a0b356100482d2d121be093d7fde7bed7adb8deaab1d184a7cc0d2b4c',	'[\"*\"]',	NULL,	NULL,	'2023-08-14 11:22:05',	'2023-08-14 11:22:05'),
(61,	'App\\Models\\User',	1,	'authToken',	'e34e62036d5cddf0a242dc7f931a07c4ec9f8051895b01ef6f6602811a85dbd3',	'[\"*\"]',	NULL,	NULL,	'2023-08-14 11:27:05',	'2023-08-14 11:27:05'),
(62,	'App\\Models\\User',	1,	'authToken',	'd65d23abb3299916f07efb2fa97cfa22cd2e7c36435d2a62036cb0a33be4464b',	'[\"*\"]',	NULL,	NULL,	'2023-08-14 11:30:34',	'2023-08-14 11:30:34'),
(63,	'App\\Models\\User',	1,	'authToken',	'48e72b1cb993102b944d9e563e29787b8719e3ae486767184bab2bd05dba9946',	'[\"*\"]',	NULL,	NULL,	'2023-08-14 11:33:02',	'2023-08-14 11:33:02'),
(64,	'App\\Models\\User',	1,	'authToken',	'4b69e23729898935e0fa63bcc2f6fbcd45f5a2eebeffbe3d8094ef1b0783e175',	'[\"*\"]',	NULL,	NULL,	'2023-08-14 11:34:03',	'2023-08-14 11:34:03'),
(65,	'App\\Models\\User',	1,	'authToken',	'682d02c6d36f19aa9d0fce9e5f8a1c807eb3c8f7f8ccd90c19be99837b2896c8',	'[\"*\"]',	NULL,	NULL,	'2023-08-14 11:44:00',	'2023-08-14 11:44:00'),
(66,	'App\\Models\\User',	1,	'authToken',	'd967b5962427028c7f7e6067be6b575dbb3c6f4add7f2aa863b44b839b01e84c',	'[\"*\"]',	NULL,	NULL,	'2023-08-14 11:54:22',	'2023-08-14 11:54:22'),
(67,	'App\\Models\\User',	1,	'authToken',	'b179ad30c93b5c4733ac7d4918d476ff9411ce2f2610daa6d28221384b03f0d7',	'[\"*\"]',	NULL,	NULL,	'2023-08-14 12:00:37',	'2023-08-14 12:00:37'),
(68,	'App\\Models\\User',	1,	'authToken',	'373ce886c92ab206c9675d81161c4b29a81d42452b850fac3b136f38c58099f8',	'[\"*\"]',	NULL,	NULL,	'2023-08-14 12:07:26',	'2023-08-14 12:07:26'),
(69,	'App\\Models\\User',	1,	'authToken',	'4222ad1b6d473132be907580e44f5be2eb4e4fd6e0c46903aad3a7e866d56128',	'[\"*\"]',	NULL,	NULL,	'2023-11-02 04:22:45',	'2023-11-02 04:22:45'),
(70,	'App\\Models\\User',	1,	'authToken',	'cb38ab9b458ad779f3350d587dff4e94cd2c28dac3be783af4587cf8b4a8f978',	'[\"*\"]',	NULL,	NULL,	'2023-11-02 04:34:19',	'2023-11-02 04:34:19'),
(71,	'App\\Models\\User',	1,	'authToken',	'e0284575971cb4942c3194167d8cd2b87875343cc6d0f74f9395fe2686cef967',	'[\"*\"]',	NULL,	NULL,	'2023-11-02 04:52:19',	'2023-11-02 04:52:19'),
(72,	'App\\Models\\User',	1,	'authToken',	'4d4d7786b63f3a725b0dc3e45854cda79d45efae058d3ecc5234f582cfbeed20',	'[\"*\"]',	NULL,	NULL,	'2023-11-02 05:25:37',	'2023-11-02 05:25:37'),
(73,	'App\\Models\\User',	1,	'authToken',	'9ab555be5dae587c5953ebd6b8d609116cba9d412e948a161508b7175ccc35dd',	'[\"*\"]',	NULL,	NULL,	'2023-11-02 05:34:46',	'2023-11-02 05:34:46'),
(74,	'App\\Models\\User',	1,	'authToken',	'a980ee65ab8a4941b82d975cb9437fc1fdf9224bd07c2f3432dadf38988ca505',	'[\"*\"]',	NULL,	NULL,	'2023-11-02 05:50:31',	'2023-11-02 05:50:31'),
(75,	'App\\Models\\User',	1,	'authToken',	'8f49f97a1b8d5e3476a5c6a9b0e2b84719cdab2b666869409eac666994cdd494',	'[\"*\"]',	NULL,	NULL,	'2023-11-02 06:09:33',	'2023-11-02 06:09:33'),
(76,	'App\\Models\\User',	1,	'authToken',	'c10b646d6a35c865258d81c0fecf7b8ee506f391e5ab6d21cd980b3be88b6af0',	'[\"*\"]',	NULL,	NULL,	'2023-11-02 06:17:15',	'2023-11-02 06:17:15'),
(77,	'App\\Models\\User',	1,	'authToken',	'26847e204802d342b6d48800e1f28a4649df11921fe1ba6654eab9f8dcbcc062',	'[\"*\"]',	NULL,	NULL,	'2023-11-02 06:20:15',	'2023-11-02 06:20:15'),
(78,	'App\\Models\\User',	1,	'authToken',	'2d978463229f313fe8ee2209a76b3af98cb6e5d5cbb0b15b1eeff4f795651247',	'[\"*\"]',	NULL,	NULL,	'2023-11-02 06:21:24',	'2023-11-02 06:21:24'),
(79,	'App\\Models\\User',	1,	'authToken',	'6419c6088c820fb16cf7fae08f6139c72e482ed406fd2c0baacca1800950229d',	'[\"*\"]',	NULL,	NULL,	'2023-11-02 08:05:54',	'2023-11-02 08:05:54'),
(80,	'App\\Models\\User',	1,	'authToken',	'574baae7b5cf8295cb507f6e2391c07294d14dc6331f811b767dffe3275e9e2e',	'[\"*\"]',	NULL,	NULL,	'2023-11-02 08:17:49',	'2023-11-02 08:17:49'),
(81,	'App\\Models\\User',	1,	'authToken',	'86a9768c3f93c22bedecaca78038992ca426d267b24cf47ca83ccf71c1e707f5',	'[\"*\"]',	NULL,	NULL,	'2023-11-02 08:22:34',	'2023-11-02 08:22:34'),
(82,	'App\\Models\\User',	1,	'authToken',	'3030c7159eac8a3fd39d3c909827fac3dbc14a49ed79f0a308444e5806ea5345',	'[\"*\"]',	NULL,	NULL,	'2023-11-02 08:36:54',	'2023-11-02 08:36:54'),
(83,	'App\\Models\\User',	1,	'authToken',	'ee4285de6771996cb88253cbdb60f333df1b4232e86702c2a0184bee996e6197',	'[\"*\"]',	NULL,	NULL,	'2023-11-02 13:20:39',	'2023-11-02 13:20:39'),
(84,	'App\\Models\\User',	1,	'authToken',	'327ffd47e7530866b72c5db2dc7d8aebabb2d63c3f3b36bbd875930de8c3f042',	'[\"*\"]',	NULL,	NULL,	'2023-11-02 13:21:34',	'2023-11-02 13:21:34'),
(85,	'App\\Models\\User',	1,	'authToken',	'330590cc4ad90ff2328af4160b6b7d437b587f933b7b7491723a705d6d9f63ad',	'[\"*\"]',	NULL,	NULL,	'2023-11-02 14:13:58',	'2023-11-02 14:13:58'),
(86,	'App\\Models\\User',	1,	'authToken',	'b662106c8d52374236438eba2402b7a3132978b9a09eabd4018dd8e89c929a40',	'[\"*\"]',	NULL,	NULL,	'2023-11-02 15:37:18',	'2023-11-02 15:37:18'),
(87,	'App\\Models\\User',	1,	'authToken',	'acbdb0850517fc33d4ddd299a99cfb4b5623df1e2cfeac268ba9cc9a33163a88',	'[\"*\"]',	NULL,	NULL,	'2023-11-04 04:55:46',	'2023-11-04 04:55:46'),
(88,	'App\\Models\\User',	17,	'authToken',	'29e88ab61af994e0918feabafc711afa3c7bb0db9431abc03a99e2f68af355f9',	'[\"*\"]',	NULL,	NULL,	'2023-11-04 07:18:31',	'2023-11-04 07:18:31'),
(89,	'App\\Models\\User',	1,	'authToken',	'614a540c45a1cb11eb6ce6ebbbfeccfbf2242a85128dafafa3cad61f08a184e9',	'[\"*\"]',	NULL,	NULL,	'2023-11-04 08:04:43',	'2023-11-04 08:04:43'),
(90,	'App\\Models\\User',	1,	'authToken',	'ae6d8e674b53aa7b1057d2ef1469a691f73153d19ae765d7e6e938f6dcec9cf5',	'[\"*\"]',	NULL,	NULL,	'2023-11-04 08:21:48',	'2023-11-04 08:21:48'),
(91,	'App\\Models\\User',	1,	'authToken',	'5f69a3d9e4374ff03daa6a7607af69c058bdcad0b6f7cb0097757f58ec907c1f',	'[\"*\"]',	NULL,	NULL,	'2023-11-04 08:28:10',	'2023-11-04 08:28:10'),
(92,	'App\\Models\\User',	1,	'authToken',	'e5a5c24f4c92611598a5c723b743592c742db587c91bf8f1a35b89d1121ae6d4',	'[\"*\"]',	NULL,	NULL,	'2023-11-04 08:31:14',	'2023-11-04 08:31:14'),
(93,	'App\\Models\\User',	1,	'authToken',	'f438dbc2cf91042d1b18e2754957c17ce9ac43910598292964befeba037c3669',	'[\"*\"]',	NULL,	NULL,	'2023-11-04 08:35:21',	'2023-11-04 08:35:21'),
(94,	'App\\Models\\User',	1,	'authToken',	'4acb88a5692fe940929747aaec27041a512ee21a2ca606aa1e7a998e7606ee9d',	'[\"*\"]',	NULL,	NULL,	'2023-11-04 08:38:24',	'2023-11-04 08:38:24'),
(95,	'App\\Models\\User',	1,	'authToken',	'3dc5442b95fcdbf293ab9ccceed48ebbb544040425ee2afd4e1a80ffc16e35a7',	'[\"*\"]',	NULL,	NULL,	'2023-11-04 08:38:38',	'2023-11-04 08:38:38'),
(96,	'App\\Models\\User',	1,	'authToken',	'9bfb317b627050e59533b87e780fc1b220435ed53381c56be279e7b93b38593b',	'[\"*\"]',	NULL,	NULL,	'2023-11-04 08:46:37',	'2023-11-04 08:46:37'),
(97,	'App\\Models\\User',	1,	'authToken',	'20f364c1d33e8a47df771e4faa969cebd0a0ad5aa1deb731323d820876631361',	'[\"*\"]',	NULL,	NULL,	'2023-11-04 08:46:44',	'2023-11-04 08:46:44'),
(99,	'App\\Models\\User',	1,	'authToken',	'3241f75ce9f77c19bc3ae1e55e14291872e7ead921221b7296470bac2aa6ae88',	'[\"*\"]',	NULL,	NULL,	'2023-11-04 08:52:42',	'2023-11-04 08:52:42'),
(100,	'App\\Models\\User',	1,	'authToken',	'1611b93c08aa7646594d09ebf18cc76fdc8192d421cc1763974d231b8564f680',	'[\"*\"]',	NULL,	NULL,	'2023-11-04 14:19:16',	'2023-11-04 14:19:16'),
(101,	'App\\Models\\User',	1,	'authToken',	'e849971af39f651630d68b2a79f592512fe32183d2b321cf4bdbc3e5e61a4874',	'[\"*\"]',	NULL,	NULL,	'2023-11-04 14:30:19',	'2023-11-04 14:30:19'),
(102,	'App\\Models\\User',	1,	'authToken',	'fa591403565eaf6c57a16ae4f5c3d62f89bc572000058333f324f929155dcb92',	'[\"*\"]',	NULL,	NULL,	'2023-11-04 14:37:36',	'2023-11-04 14:37:36'),
(103,	'App\\Models\\User',	1,	'authToken',	'963d6afffc753f859b8616fcee92473be21f3a192de14e4dda14c0ca863d2e27',	'[\"*\"]',	NULL,	NULL,	'2023-11-04 14:38:51',	'2023-11-04 14:38:51'),
(104,	'App\\Models\\User',	1,	'authToken',	'47e703a6bc3b9eafbc11ca45bd5b7e4d724af2057345a1156577eb97c715500b',	'[\"*\"]',	NULL,	NULL,	'2023-11-04 14:41:05',	'2023-11-04 14:41:05'),
(106,	'App\\Models\\User',	1,	'authToken',	'042248d0f0a9b597880b537339e7b6cfc0fea790abc8f9302cbcef00588d8d32',	'[\"*\"]',	NULL,	NULL,	'2023-11-04 14:42:45',	'2023-11-04 14:42:45'),
(107,	'App\\Models\\User',	1,	'authToken',	'8879074eda8ffc1913515f81c1de43a0d1f5db67e2e56b22590b0b600cdafcb7',	'[\"*\"]',	NULL,	NULL,	'2023-11-04 14:44:42',	'2023-11-04 14:44:42'),
(108,	'App\\Models\\User',	1,	'authToken',	'29232a382cc4ae5e8a4160d5fd7083e077b38e090585188e48c0bde96e5ae6e9',	'[\"*\"]',	NULL,	NULL,	'2023-11-04 15:04:14',	'2023-11-04 15:04:14'),
(109,	'App\\Models\\User',	1,	'authToken',	'9eeca7e73b299def3d923ec9f0bff871f291788353b5d7da8385bcb91bc042cb',	'[\"*\"]',	NULL,	NULL,	'2023-11-04 15:05:50',	'2023-11-04 15:05:50'),
(110,	'App\\Models\\User',	1,	'authToken',	'383e269202c9670f046d314756d492bfcc0e633003af0b5c99364c08b2fe2fb9',	'[\"*\"]',	NULL,	NULL,	'2023-11-04 15:06:55',	'2023-11-04 15:06:55'),
(111,	'App\\Models\\User',	1,	'authToken',	'3a4bfed45163e83276450d036c08206a674ed9b8cbc781f4dd9f74929a8696ab',	'[\"*\"]',	NULL,	NULL,	'2023-11-04 15:53:31',	'2023-11-04 15:53:31'),
(112,	'App\\Models\\User',	1,	'authToken',	'd9701832fa1c7052b5944e96f40e65f316a3f345727b269a61563ffbb7da9a67',	'[\"*\"]',	NULL,	NULL,	'2023-11-04 15:56:08',	'2023-11-04 15:56:08'),
(113,	'App\\Models\\User',	1,	'authToken',	'1a4f0c0462f774382e9c2df3cf5c3022a6e5a3bd4c3d2ef5b7b939135260d778',	'[\"*\"]',	NULL,	NULL,	'2023-11-04 15:57:05',	'2023-11-04 15:57:05'),
(114,	'App\\Models\\User',	1,	'authToken',	'58247ee4fd1a8feedfe519de4bac8f7c389997bcb3622dcd7e97c238362b1c06',	'[\"*\"]',	NULL,	NULL,	'2023-11-04 16:00:59',	'2023-11-04 16:00:59'),
(115,	'App\\Models\\User',	1,	'authToken',	'4b0170eef194c2df8d2cdc10cf2940a88e2fb481b8196c478cab9b72f36bac65',	'[\"*\"]',	NULL,	NULL,	'2023-11-04 16:02:20',	'2023-11-04 16:02:20'),
(116,	'App\\Models\\User',	1,	'authToken',	'fa26c99b4ed71e579f33350721b9e3089fc1698e8a620a7260efc829b1cb2cd3',	'[\"*\"]',	NULL,	NULL,	'2023-11-04 16:04:19',	'2023-11-04 16:04:19'),
(117,	'App\\Models\\User',	1,	'authToken',	'7e0a72f83e7723832a611415681969f56b0ea76602c135e9c3f531fd7a3ab008',	'[\"*\"]',	NULL,	NULL,	'2023-11-04 16:12:30',	'2023-11-04 16:12:30'),
(118,	'App\\Models\\User',	1,	'authToken',	'2b3a15933d565f6797206a6a17b3ef3a054490b00d351b66aca93683265b01ff',	'[\"*\"]',	NULL,	NULL,	'2023-11-04 16:24:07',	'2023-11-04 16:24:07'),
(119,	'App\\Models\\User',	4,	'authToken',	'd04c47395519c5f068ed46e022a16691df8b1652de9d8ca5f5cfed57c32761a2',	'[\"*\"]',	NULL,	NULL,	'2023-11-04 16:26:20',	'2023-11-04 16:26:20'),
(120,	'App\\Models\\User',	1,	'authToken',	'9349ef5ce2185d60edd7c18d2bfeb6e1897160050523bba04fb86f02ae4f3e66',	'[\"*\"]',	NULL,	NULL,	'2023-11-04 16:29:12',	'2023-11-04 16:29:12'),
(121,	'App\\Models\\User',	1,	'authToken',	'eead6de75ce56490cb8c7f3c9b7cd748949451c6dc05de490be19e9e9d7a414c',	'[\"*\"]',	NULL,	NULL,	'2023-11-04 16:39:17',	'2023-11-04 16:39:17'),
(122,	'App\\Models\\User',	1,	'authToken',	'5e31feedb4625defab05b7c771af8edac1dd531153978942f270f8ff8951f7f6',	'[\"*\"]',	NULL,	NULL,	'2023-11-04 17:27:42',	'2023-11-04 17:27:42'),
(123,	'App\\Models\\User',	1,	'authToken',	'772d3c4e2284dff9d05b5f68191fdb04cda1387bd2824105db841cb64a04c08c',	'[\"*\"]',	NULL,	NULL,	'2023-11-04 17:47:26',	'2023-11-04 17:47:26'),
(124,	'App\\Models\\User',	1,	'authToken',	'03a8fd3f91a0e290d163cf6a7d0c85439ad7684ebd4ea1e54bc522ff83226883',	'[\"*\"]',	NULL,	NULL,	'2023-11-05 04:23:37',	'2023-11-05 04:23:37'),
(125,	'App\\Models\\User',	1,	'authToken',	'06995b8be3a3aa94cb7cec776e02f16e9842aa97010e87a437ba14a3ab5aee2f',	'[\"*\"]',	NULL,	NULL,	'2023-11-05 05:50:00',	'2023-11-05 05:50:00'),
(126,	'App\\Models\\User',	1,	'authToken',	'747d472690e476e5de608d14fd3638f8e53a0363fe0425ff2a6ee4befeb3c3f9',	'[\"*\"]',	NULL,	NULL,	'2023-11-05 05:51:33',	'2023-11-05 05:51:33'),
(127,	'App\\Models\\User',	2,	'authToken',	'50488e822ee248fafe3595c8fddd200f321f4f7355b59b638f544dcd8b6bdb1c',	'[\"*\"]',	NULL,	NULL,	'2023-11-05 05:56:17',	'2023-11-05 05:56:17'),
(128,	'App\\Models\\User',	2,	'authToken',	'd661e4e1c74e0026fcb01352201d3baf303b453359e0354d7860ffb580675300',	'[\"*\"]',	NULL,	NULL,	'2023-11-05 06:10:36',	'2023-11-05 06:10:36'),
(129,	'App\\Models\\User',	2,	'authToken',	'79dd2c93ed3316b0de371b348328cfc571aedbb183de2a04a7f4bb950c728fb8',	'[\"*\"]',	NULL,	NULL,	'2023-11-05 06:12:30',	'2023-11-05 06:12:30'),
(131,	'App\\Models\\User',	1,	'authToken',	'28b2df0cf154f91bf0bdcfb40d70e7ce229e9730a729f622686a7ea10a6f2ccc',	'[\"*\"]',	NULL,	NULL,	'2023-11-05 06:15:23',	'2023-11-05 06:15:23'),
(132,	'App\\Models\\User',	1,	'authToken',	'57f91026bcabd391f3d92b2c2b1de521281937399866a563b06e66b7b2547c82',	'[\"*\"]',	NULL,	NULL,	'2023-11-05 06:16:30',	'2023-11-05 06:16:30'),
(133,	'App\\Models\\User',	1,	'authToken',	'b068bb860973e27bfb58d2c3b0a70a25871e248a9901b82723d4535f6fc54af1',	'[\"*\"]',	NULL,	NULL,	'2023-11-05 06:21:46',	'2023-11-05 06:21:46'),
(134,	'App\\Models\\User',	2,	'authToken',	'4db70f8e20c4b458801f0f73bbfc3c8de0b0368d91e0bcb15011e3611166d6d7',	'[\"*\"]',	NULL,	NULL,	'2023-11-05 06:23:56',	'2023-11-05 06:23:56'),
(135,	'App\\Models\\User',	1,	'authToken',	'fa51dbaefb3188669438db9006d7aa4a7e6f2eff1b071e939147aede99d694ab',	'[\"*\"]',	NULL,	NULL,	'2023-11-05 06:27:43',	'2023-11-05 06:27:43'),
(136,	'App\\Models\\User',	1,	'authToken',	'0c39d68b552e7cfa559b5fcc6ff5ee03c3a168d7774869380fe77df907680f05',	'[\"*\"]',	NULL,	NULL,	'2023-11-05 06:28:48',	'2023-11-05 06:28:48'),
(137,	'App\\Models\\User',	2,	'authToken',	'b963f571b7dceb5414781e123add6ec2477f0800289b6e7b656312d99cc4a685',	'[\"*\"]',	NULL,	NULL,	'2023-11-05 06:29:24',	'2023-11-05 06:29:24'),
(138,	'App\\Models\\User',	2,	'authToken',	'5dfad540d6b3f1ddbd8451faaa8d3767af055e0d2fed472a77389570a56a68e2',	'[\"*\"]',	NULL,	NULL,	'2023-11-05 06:30:22',	'2023-11-05 06:30:22'),
(139,	'App\\Models\\User',	2,	'authToken',	'7ccabac4f06cde7456efc7b721245b4c4b654b404609ca8c69044aa9b9f67ed3',	'[\"*\"]',	NULL,	NULL,	'2023-11-05 06:31:02',	'2023-11-05 06:31:02'),
(140,	'App\\Models\\User',	2,	'authToken',	'85cdb81c1b7ee2c69c4248056640632c03e8e2b7bc394f31218c7c8448281ab0',	'[\"*\"]',	NULL,	NULL,	'2023-11-05 06:31:09',	'2023-11-05 06:31:09'),
(141,	'App\\Models\\User',	2,	'authToken',	'574195d2dddff578aba46c2931ff03bef4bce3077ccc38c31aa467b0e515a19c',	'[\"*\"]',	NULL,	NULL,	'2023-11-05 06:32:14',	'2023-11-05 06:32:14'),
(142,	'App\\Models\\User',	2,	'authToken',	'1ad5f66961e65f4da061140c20ef1dcb668b70604dc9f9ecfd51aeb1c79a15c5',	'[\"*\"]',	NULL,	NULL,	'2023-11-05 06:32:56',	'2023-11-05 06:32:56'),
(143,	'App\\Models\\User',	2,	'authToken',	'68b7f3d1e8500bda2917b06bfe538bd4c4e8998312f7c572a25e211edd62f0e7',	'[\"*\"]',	NULL,	NULL,	'2023-11-05 06:33:00',	'2023-11-05 06:33:00'),
(144,	'App\\Models\\User',	2,	'authToken',	'd68753da56d452ddf53720803d86dd7684551aeba22ef6523f339a25c61e7c7a',	'[\"*\"]',	NULL,	NULL,	'2023-11-05 06:33:01',	'2023-11-05 06:33:01'),
(145,	'App\\Models\\User',	1,	'authToken',	'7a744a8beea5b5fb7f2eb166c1a277d3a74c6b43120223b96a8a0b9b4fc65339',	'[\"*\"]',	NULL,	NULL,	'2023-11-05 06:33:42',	'2023-11-05 06:33:42'),
(146,	'App\\Models\\User',	1,	'authToken',	'c034f1e32084082d14c694cdb9cb6cb9cf9504b48ea43d3328af57cbf5c3c3a6',	'[\"*\"]',	NULL,	NULL,	'2023-11-05 06:34:14',	'2023-11-05 06:34:14'),
(147,	'App\\Models\\User',	2,	'authToken',	'1c4d750cfbe33b83b8e7e859a933f04497d67b2617653872fd7bdafe23960b51',	'[\"*\"]',	NULL,	NULL,	'2023-11-05 06:34:27',	'2023-11-05 06:34:27'),
(148,	'App\\Models\\User',	2,	'authToken',	'f1b8b4d1b3577b994d9c2a8bdd3192f94441d4f0b14bcc6cff67c83bd30fd694',	'[\"*\"]',	NULL,	NULL,	'2023-11-05 06:34:33',	'2023-11-05 06:34:33'),
(149,	'App\\Models\\User',	2,	'authToken',	'ebf9d6e1d13c7720e7868743d04820919d5d3f0ea57c27fecf0c597ef6272dff',	'[\"*\"]',	NULL,	NULL,	'2023-11-05 06:34:40',	'2023-11-05 06:34:40'),
(150,	'App\\Models\\User',	1,	'authToken',	'b07d5d341640d34b9c7955c8d6dc00f71bda91acf809c71031a824604a473317',	'[\"*\"]',	NULL,	NULL,	'2023-11-05 06:43:23',	'2023-11-05 06:43:23'),
(151,	'App\\Models\\User',	1,	'authToken',	'212a8d75e93bf7d00422aa72683f89e7e67a4d30f987088ef28519de9849010e',	'[\"*\"]',	NULL,	NULL,	'2023-11-05 07:02:14',	'2023-11-05 07:02:14'),
(152,	'App\\Models\\User',	1,	'authToken',	'1d723973d667c29263aac94bc639f1f864ca160cd6910fea26ce58de7df070e3',	'[\"*\"]',	NULL,	NULL,	'2023-11-05 07:04:43',	'2023-11-05 07:04:43'),
(153,	'App\\Models\\User',	1,	'authToken',	'7ee79f1597e84eb0479e652042e30773c5f52ed2e53599f6dba463fb03948d74',	'[\"*\"]',	NULL,	NULL,	'2023-11-05 07:07:31',	'2023-11-05 07:07:31'),
(154,	'App\\Models\\User',	1,	'authToken',	'3a38adbd83de3756dc3e6c50c59f0c4ae276f7a00435945f0ee1175b18eef48f',	'[\"*\"]',	NULL,	NULL,	'2023-11-05 07:08:42',	'2023-11-05 07:08:42'),
(155,	'App\\Models\\User',	1,	'authToken',	'762536a2a4db2534da89f3b78fc2ae1e4f5706d95914af6aa8617eb2dec60309',	'[\"*\"]',	NULL,	NULL,	'2023-11-05 07:11:22',	'2023-11-05 07:11:22'),
(156,	'App\\Models\\User',	1,	'authToken',	'128b0d5f11fcfdb7761333c213f803d6338353bac02c01a86dd6645bf517e299',	'[\"*\"]',	NULL,	NULL,	'2023-11-05 07:12:46',	'2023-11-05 07:12:46'),
(157,	'App\\Models\\User',	1,	'authToken',	'69c207a72b066c6c8e922fe2388b2baa5710f3409f187c85b4d214c317be159e',	'[\"*\"]',	NULL,	NULL,	'2023-11-05 07:15:41',	'2023-11-05 07:15:41'),
(158,	'App\\Models\\User',	1,	'authToken',	'79488c3236d521b12fe15dff6e5168df96f6066811cfd303eb4b273cc8ab0630',	'[\"*\"]',	NULL,	NULL,	'2023-11-05 07:17:52',	'2023-11-05 07:17:52'),
(159,	'App\\Models\\User',	1,	'authToken',	'43a65d67d0889d68dc1189a9757586ed437e85caa03e4f7a87afc98f73ac9871',	'[\"*\"]',	NULL,	NULL,	'2023-11-05 07:19:57',	'2023-11-05 07:19:57'),
(160,	'App\\Models\\User',	1,	'authToken',	'e212e63c392ea9f87fa3d48bb2f2897e5cb7f3a7e82d6342964d4595638e573c',	'[\"*\"]',	NULL,	NULL,	'2023-11-05 07:23:55',	'2023-11-05 07:23:55'),
(161,	'App\\Models\\User',	1,	'authToken',	'4303fe7b5edb9848db1dd6353d3a0685b7e3431a8ed3e506f50bc348b51a9601',	'[\"*\"]',	NULL,	NULL,	'2023-11-05 07:25:42',	'2023-11-05 07:25:42'),
(162,	'App\\Models\\User',	1,	'authToken',	'4a38a239c8839075d2dbcee7ab3c5fb2babeb0cad6c87b0688e2784711454d6a',	'[\"*\"]',	NULL,	NULL,	'2023-11-05 07:47:43',	'2023-11-05 07:47:43'),
(163,	'App\\Models\\User',	1,	'authToken',	'5c2b60ccc523249a0de6ec347060ffd119e63b087df4c389ace052f85ce314e6',	'[\"*\"]',	NULL,	NULL,	'2023-11-05 07:49:09',	'2023-11-05 07:49:09'),
(164,	'App\\Models\\User',	1,	'authToken',	'd515f061daf3cd1f77d31c68c7c1fb298c321c9492918077f12e3ef2673ca386',	'[\"*\"]',	NULL,	NULL,	'2023-11-05 08:31:55',	'2023-11-05 08:31:55'),
(165,	'App\\Models\\User',	1,	'authToken',	'72f529534a630a0aebdbfbb9821da019ceaeba821b43327c7f10cf723c527fc5',	'[\"*\"]',	NULL,	NULL,	'2023-11-05 08:34:41',	'2023-11-05 08:34:41'),
(166,	'App\\Models\\User',	1,	'authToken',	'8974aea9b6e7def0b09c6767ca1b371e7301cb63237876196265efd72f94c80a',	'[\"*\"]',	NULL,	NULL,	'2023-11-05 08:40:29',	'2023-11-05 08:40:29'),
(167,	'App\\Models\\User',	1,	'authToken',	'0344b84487a7b70f57dd2610f80ae09476e23ecb59a4017bd7b563cde4c1b771',	'[\"*\"]',	NULL,	NULL,	'2023-11-05 08:55:57',	'2023-11-05 08:55:57'),
(168,	'App\\Models\\User',	1,	'authToken',	'38ec99efc1da8e3cf88bf990afa3e804f81ac683c3bda81339052fd10c0c5c29',	'[\"*\"]',	NULL,	NULL,	'2023-11-05 08:58:35',	'2023-11-05 08:58:35'),
(169,	'App\\Models\\User',	1,	'authToken',	'bac98fecd8bd7057151fa8b2a93446f3399d265ba3359b6949924069e3ec592b',	'[\"*\"]',	NULL,	NULL,	'2023-11-05 08:59:37',	'2023-11-05 08:59:37'),
(170,	'App\\Models\\User',	1,	'authToken',	'a8e242373e987974621c153d33217ca2725f691806e363d05ba4031fa0854987',	'[\"*\"]',	NULL,	NULL,	'2023-11-05 09:09:51',	'2023-11-05 09:09:51'),
(171,	'App\\Models\\User',	2,	'authToken',	'6df747eaa228a3412922a378b455180a9e03bb0907521c9cddb22cc94d3bfe7b',	'[\"*\"]',	NULL,	NULL,	'2023-11-05 09:17:55',	'2023-11-05 09:17:55'),
(172,	'App\\Models\\User',	1,	'authToken',	'e7aad08e33cd1b5350d71dca0020273129fecdbe7f76acaad8a593ae0495ce8b',	'[\"*\"]',	NULL,	NULL,	'2023-11-05 09:20:09',	'2023-11-05 09:20:09'),
(173,	'App\\Models\\User',	1,	'authToken',	'dc0d1913f93c02aa4e3f35dbfd811a2ae35725048205b78c2d24493e4669623f',	'[\"*\"]',	NULL,	NULL,	'2023-11-05 09:21:53',	'2023-11-05 09:21:53'),
(174,	'App\\Models\\User',	1,	'authToken',	'a17ea4115232d60dbd9ea5954ea2b7ec4d8e2bad36ef8895e6f4a3d1e17c36ee',	'[\"*\"]',	NULL,	NULL,	'2023-11-05 09:22:00',	'2023-11-05 09:22:00'),
(175,	'App\\Models\\User',	1,	'authToken',	'a20afdb455a9bca39e7484b2fdc42c6b7f1db00fda95e4923c11ce40b8033a68',	'[\"*\"]',	NULL,	NULL,	'2023-11-05 09:23:19',	'2023-11-05 09:23:19'),
(176,	'App\\Models\\User',	1,	'authToken',	'0ded79104db27f8e4aee0adae0fd1d426c9ebaace0f10818347c5c20f31ebeee',	'[\"*\"]',	NULL,	NULL,	'2023-11-05 09:24:39',	'2023-11-05 09:24:39'),
(177,	'App\\Models\\User',	1,	'authToken',	'fceaf8c23850df27c308dc4e31e7e9613ca71e4b5a57efb7f2d7e5a177f44cf5',	'[\"*\"]',	NULL,	NULL,	'2023-11-05 09:37:24',	'2023-11-05 09:37:24'),
(179,	'App\\Models\\User',	1,	'authToken',	'a9eb037b0bb814f6863390664ca70c7c74ff7e51cfd2c93c086484be03fb7879',	'[\"*\"]',	NULL,	NULL,	'2023-11-05 09:44:16',	'2023-11-05 09:44:16'),
(180,	'App\\Models\\User',	1,	'authToken',	'e787c5790db806f35e456d6e63f5b7dcb6d59d4b0d4bd1d81840014f80082f40',	'[\"*\"]',	NULL,	NULL,	'2023-11-05 09:44:27',	'2023-11-05 09:44:27'),
(181,	'App\\Models\\User',	1,	'authToken',	'295932af13881de5addb447aa7126135a41610f44452947f6c7b7974b9d5b39d',	'[\"*\"]',	NULL,	NULL,	'2023-11-05 09:51:02',	'2023-11-05 09:51:02'),
(182,	'App\\Models\\User',	1,	'authToken',	'7f576b3a2ba79d40ecd535c120fb0c7049e1c881ab9721f23fce4a009dbdb95a',	'[\"*\"]',	NULL,	NULL,	'2023-11-05 09:52:00',	'2023-11-05 09:52:00'),
(183,	'App\\Models\\User',	1,	'authToken',	'2b17812839d5a9d19393214cd962e60ae5cff1517ffbc6f1783c0fa554e4b7d1',	'[\"*\"]',	NULL,	NULL,	'2023-11-05 09:52:36',	'2023-11-05 09:52:36'),
(184,	'App\\Models\\User',	1,	'authToken',	'fe983b5fe59aa1a31517b55d1551e7e870719be2a693f45c9f40ac5f0a934396',	'[\"*\"]',	NULL,	NULL,	'2023-11-05 09:54:24',	'2023-11-05 09:54:24'),
(185,	'App\\Models\\User',	1,	'authToken',	'a184145e7b262fddbe5c5d8bdf58d2d0147bf700a83a873f3eba34344866deac',	'[\"*\"]',	NULL,	NULL,	'2023-11-05 09:54:42',	'2023-11-05 09:54:42'),
(187,	'App\\Models\\User',	1,	'authToken',	'261e63ebabd5ed3fb9f1fbcb1bd981e0f43f8db2af9b5ef52d1c06b1a36c18f4',	'[\"*\"]',	NULL,	NULL,	'2023-11-05 09:59:12',	'2023-11-05 09:59:12'),
(188,	'App\\Models\\User',	1,	'authToken',	'0b33de21d94116e2070ef7d4473180bf33954f9e91490ccfc20a7978ee212926',	'[\"*\"]',	NULL,	NULL,	'2023-11-05 09:59:43',	'2023-11-05 09:59:43'),
(189,	'App\\Models\\User',	1,	'authToken',	'ac4c4fb21f1f903054cec20eb0f401e2fa864ac67e27f51f53af734daa45eb4d',	'[\"*\"]',	NULL,	NULL,	'2023-11-05 10:01:01',	'2023-11-05 10:01:01'),
(190,	'App\\Models\\User',	1,	'authToken',	'97c5e34c8b7ce5c3df0a2f318a729b8803c13e190ae80aa6c8e9d5dc8a994e02',	'[\"*\"]',	NULL,	NULL,	'2023-11-05 10:01:29',	'2023-11-05 10:01:29'),
(194,	'App\\Models\\User',	1,	'authToken',	'23ffe7315ce51fa56fa4afe22409cf2c4298abfc482e922d59b42be50ecf48b1',	'[\"*\"]',	NULL,	NULL,	'2023-11-05 10:14:14',	'2023-11-05 10:14:14'),
(197,	'App\\Models\\User',	14,	'authToken',	'94b655370c7c5753e11a7015f6bcfd0d6fb88ba40a3717798a229fa36bbf22c1',	'[\"*\"]',	NULL,	NULL,	'2023-11-05 13:35:55',	'2023-11-05 13:35:55'),
(199,	'App\\Models\\User',	1,	'authToken',	'2061cbdf22184bd6c8ff82bc6104765f1316dec330fe23e2706794d7a65d3b86',	'[\"*\"]',	NULL,	NULL,	'2023-11-05 13:37:16',	'2023-11-05 13:37:16'),
(200,	'App\\Models\\User',	2,	'authToken',	'082e0ec80c8371e291f25e10db09e8692c708d8fda13226c8e68ac2a7deb0171',	'[\"*\"]',	NULL,	NULL,	'2023-11-05 13:37:20',	'2023-11-05 13:37:20'),
(201,	'App\\Models\\User',	1,	'authToken',	'41cc9bc6631d92ae761f235978eb03f25d3888de1cccef3ae9f94067634d5fe7',	'[\"*\"]',	NULL,	NULL,	'2023-11-05 13:49:59',	'2023-11-05 13:49:59'),
(202,	'App\\Models\\User',	1,	'authToken',	'e9cee75fce62e914deddac2469b30f6ba1b6c14dad8248208cc2bcd8d719aa51',	'[\"*\"]',	NULL,	NULL,	'2023-11-05 14:09:11',	'2023-11-05 14:09:11'),
(203,	'App\\Models\\User',	1,	'authToken',	'a2a0063c801239ffb355608d68f2a971fc272b892eef7744884ab1f787cdc3ec',	'[\"*\"]',	NULL,	NULL,	'2023-11-05 14:19:49',	'2023-11-05 14:19:49'),
(204,	'App\\Models\\User',	1,	'authToken',	'b6ab56bc5201cae4f97f1593db053a90578ec9b4884817349a801a7867162cdc',	'[\"*\"]',	NULL,	NULL,	'2023-11-05 14:35:34',	'2023-11-05 14:35:34'),
(205,	'App\\Models\\User',	1,	'authToken',	'6f84a8da8251e8d68b5c3fa8cc8767e70d9e858dd5dc3b098d098a24bfc61f14',	'[\"*\"]',	NULL,	NULL,	'2023-11-05 14:38:28',	'2023-11-05 14:38:28'),
(206,	'App\\Models\\User',	18,	'authToken',	'42075a9716bad1d37e5bd7dd1c5636be8fd7b303d157b47c6e4c29757d96980e',	'[\"*\"]',	NULL,	NULL,	'2023-11-05 15:50:33',	'2023-11-05 15:50:33'),
(207,	'App\\Models\\User',	18,	'authToken',	'b03ec87d369d946dc58f832a8fab0c011df32520d69e6574750a9845b256c5ea',	'[\"*\"]',	NULL,	NULL,	'2023-11-05 15:54:08',	'2023-11-05 15:54:08'),
(208,	'App\\Models\\User',	18,	'authToken',	'f8979722b0fea4930841671749edf4be42cb881542f9cd26c51b4cdf8043d387',	'[\"*\"]',	NULL,	NULL,	'2023-11-05 16:12:57',	'2023-11-05 16:12:57'),
(209,	'App\\Models\\User',	18,	'authToken',	'136dc38d5e0cb6cc5dbdd07f42986ee4ad8fa6045550ad80baee91012c237183',	'[\"*\"]',	NULL,	NULL,	'2023-11-05 16:16:38',	'2023-11-05 16:16:38'),
(210,	'App\\Models\\User',	18,	'authToken',	'a1fc74514c1ea3f04d074a9d93604ee281ec06e787e55f779889b24f614181c3',	'[\"*\"]',	'2023-11-06 04:32:27',	NULL,	'2023-11-05 16:26:12',	'2023-11-06 04:32:27'),
(212,	'App\\Models\\User',	18,	'authToken',	'5736aa59de6292f5ad5899a4db2e74061b47ea28d63515eca15ca634db29680a',	'[\"*\"]',	NULL,	NULL,	'2023-11-06 03:26:20',	'2023-11-06 03:26:20'),
(213,	'App\\Models\\User',	18,	'authToken',	'e459ff16756fcfe93889ba9172ba9ecd9b3472112d6ce0533401f5a3916fa7de',	'[\"*\"]',	NULL,	NULL,	'2023-11-06 03:26:54',	'2023-11-06 03:26:54'),
(214,	'App\\Models\\User',	18,	'authToken',	'023b641b91ce69783f4bbb01ccd269da73d9a664c12876bde2b1012ad71c66c1',	'[\"*\"]',	NULL,	NULL,	'2023-11-06 03:28:14',	'2023-11-06 03:28:14'),
(215,	'App\\Models\\User',	17,	'authToken',	'a780b4cd1f69c5635d5606dcd7b251e9c78d048375c6869fdebb74f22845fbc6',	'[\"*\"]',	NULL,	NULL,	'2023-11-06 04:33:05',	'2023-11-06 04:33:05'),
(216,	'App\\Models\\User',	17,	'authToken',	'bc4b3beb410f62d58fcb75cd3998258035aafdb28252cbcae54340e354672747',	'[\"*\"]',	'2023-11-06 04:42:46',	NULL,	'2023-11-06 04:39:13',	'2023-11-06 04:42:46'),
(217,	'App\\Models\\User',	18,	'authToken',	'9f58a10dc35d2e436439bfb1f9e5e0e176af818c8229e3341d76f3e0b872310d',	'[\"*\"]',	'2023-11-06 10:16:25',	NULL,	'2023-11-06 04:45:44',	'2023-11-06 10:16:25'),
(218,	'App\\Models\\User',	18,	'authToken',	'37ab798b40c2d211188a079ed5eca14df9a8af0063889e949d8385ce530b11fb',	'[\"*\"]',	NULL,	NULL,	'2023-11-06 04:57:32',	'2023-11-06 04:57:32'),
(219,	'App\\Models\\User',	1,	'authToken',	'a65a99d258d5397445d8013e8d7de50dd300e2af1169da518936e2a6107eb41a',	'[\"*\"]',	NULL,	NULL,	'2023-11-06 04:58:10',	'2023-11-06 04:58:10'),
(220,	'App\\Models\\User',	1,	'authToken',	'a32eca919f8de72a0c9b02f119a2be32be4eb12e6b9802cda5d0e0ddc53c955b',	'[\"*\"]',	NULL,	NULL,	'2023-11-06 05:03:41',	'2023-11-06 05:03:41'),
(222,	'App\\Models\\User',	18,	'authToken',	'20c365d99bfaba3a0b9be2dd32c2b475296b01fda0fa864273c5981a41ad5c7b',	'[\"*\"]',	NULL,	NULL,	'2023-11-06 05:15:27',	'2023-11-06 05:15:27'),
(223,	'App\\Models\\User',	18,	'authToken',	'c7c47e606c9f697ba7dbe4103246054a92b5c5962528d58fde67afea6fe462a8',	'[\"*\"]',	NULL,	NULL,	'2023-11-06 05:42:37',	'2023-11-06 05:42:37'),
(224,	'App\\Models\\User',	18,	'authToken',	'28763ce5a49d840983667670a209a090aa3833f53da43d9308af503742611a8e',	'[\"*\"]',	NULL,	NULL,	'2023-11-06 05:43:38',	'2023-11-06 05:43:38'),
(225,	'App\\Models\\User',	18,	'authToken',	'044080303e232ebfa019e80c8242254a5eb41a9e1ee4fcfdf12fa2c615fde1a4',	'[\"*\"]',	NULL,	NULL,	'2023-11-06 06:50:37',	'2023-11-06 06:50:37'),
(226,	'App\\Models\\User',	18,	'authToken',	'bbfa9fc5d0cb98aae69d64463dc4c7cc1d6262c996926a5759490bd303fcdc10',	'[\"*\"]',	NULL,	NULL,	'2023-11-06 08:23:17',	'2023-11-06 08:23:17'),
(227,	'App\\Models\\User',	18,	'authToken',	'3a29d82d03b0e5fa67f232bb25d4c97e0f28039b2ccd73bd07476a3e9a700e13',	'[\"*\"]',	NULL,	NULL,	'2023-11-06 08:25:14',	'2023-11-06 08:25:14'),
(228,	'App\\Models\\User',	18,	'authToken',	'4a8e1aa8ef25d51c2e6d2bdbd6264faa69e7a782787302ff15e655910f0f8055',	'[\"*\"]',	NULL,	NULL,	'2023-11-06 08:26:21',	'2023-11-06 08:26:21'),
(229,	'App\\Models\\User',	18,	'authToken',	'18ffd2f2f5a42c382a9f44f3af398c3f56c89afae17a3752c4f4c98de01ef8e3',	'[\"*\"]',	NULL,	NULL,	'2023-11-06 08:45:31',	'2023-11-06 08:45:31'),
(230,	'App\\Models\\User',	18,	'authToken',	'2ec11dc3935002717f03b2911c56caaae1dee8000ddd5c5d50204e5470cdacaa',	'[\"*\"]',	NULL,	NULL,	'2023-11-06 09:04:07',	'2023-11-06 09:04:07'),
(231,	'App\\Models\\User',	18,	'authToken',	'1b9cd2dbfb7b02bd3170b6097053d458c0fd7416f55e57a494701d229c27bb93',	'[\"*\"]',	NULL,	NULL,	'2023-11-06 09:07:12',	'2023-11-06 09:07:12'),
(232,	'App\\Models\\User',	18,	'authToken',	'c968201765b75d770959d494f216ae41b26bd548cc830c0830f47e922f2685f3',	'[\"*\"]',	NULL,	NULL,	'2023-11-06 09:33:23',	'2023-11-06 09:33:23'),
(233,	'App\\Models\\User',	18,	'authToken',	'6644d1f541c01fe96f9e45a687cfbd3cab692f47f05a5719c78abba13db99630',	'[\"*\"]',	NULL,	NULL,	'2023-11-06 09:35:43',	'2023-11-06 09:35:43'),
(234,	'App\\Models\\User',	18,	'authToken',	'48f4f57837ce5b303335f5221d35e6376d4b15b552957de0d4eff3e30cf6effc',	'[\"*\"]',	NULL,	NULL,	'2023-11-06 09:38:39',	'2023-11-06 09:38:39'),
(235,	'App\\Models\\User',	18,	'authToken',	'72f236e45e3beb03575f760e550671458240230f2bad05e5d5eafd89a7e1e146',	'[\"*\"]',	NULL,	NULL,	'2023-11-06 09:43:59',	'2023-11-06 09:43:59'),
(236,	'App\\Models\\User',	18,	'authToken',	'f69f9b20e2f19f24d74072ef5d658dbf8874086c08bdcd18ec39a9253b01716c',	'[\"*\"]',	NULL,	NULL,	'2023-11-06 09:44:38',	'2023-11-06 09:44:38'),
(237,	'App\\Models\\User',	18,	'authToken',	'1cff60fd59952bd2597f46e1f9153de4ac53a797ba87030ba9dfd20d9d84b19c',	'[\"*\"]',	NULL,	NULL,	'2023-11-06 10:09:34',	'2023-11-06 10:09:34'),
(238,	'App\\Models\\User',	18,	'authToken',	'15c75b14c94c233a896d3c0e2ef52d6fc13bfdbec8eab24fab389b69db563240',	'[\"*\"]',	NULL,	NULL,	'2023-11-06 10:10:29',	'2023-11-06 10:10:29'),
(239,	'App\\Models\\User',	18,	'authToken',	'a66b26c20dc5c01920100c9cbd47c1f114766071552fc772ffa35b7918fe78e8',	'[\"*\"]',	NULL,	NULL,	'2023-11-06 10:10:40',	'2023-11-06 10:10:40'),
(240,	'App\\Models\\User',	18,	'authToken',	'0f91160cae8ae58194b6494f3f479e01d0615cca5a953b397747df5c14bb46a7',	'[\"*\"]',	NULL,	NULL,	'2023-11-06 10:12:25',	'2023-11-06 10:12:25'),
(241,	'App\\Models\\User',	18,	'authToken',	'ddae97c1edec0f313b0098b25b0818fe2cec32b9f509e21f7fedcd352f8d49d3',	'[\"*\"]',	NULL,	NULL,	'2023-11-06 10:13:48',	'2023-11-06 10:13:48'),
(242,	'App\\Models\\User',	18,	'authToken',	'3a665e52ff72910697a9e45581265c416b5b0ea51c9d4cadeafc40255dcc86a3',	'[\"*\"]',	'2023-11-11 08:15:54',	NULL,	'2023-11-06 14:27:05',	'2023-11-11 08:15:54'),
(243,	'App\\Models\\User',	18,	'authToken',	'67c9c40b320a574263b4cc56fd9081e4ea40d9df8285cffeeb6793a4252e7759',	'[\"*\"]',	NULL,	NULL,	'2023-11-06 14:37:29',	'2023-11-06 14:37:29'),
(244,	'App\\Models\\User',	18,	'authToken',	'036761dc8aba0fa69d189089b188319c718451d26d392bbf063e1a046572edc8',	'[\"*\"]',	NULL,	NULL,	'2023-11-06 16:42:42',	'2023-11-06 16:42:42'),
(245,	'App\\Models\\User',	18,	'authToken',	'178f8563f0c9eb02ca3af0f101d6f6fba0fc37a740aa341d6599862ae83b044f',	'[\"*\"]',	NULL,	NULL,	'2023-11-06 16:44:27',	'2023-11-06 16:44:27'),
(246,	'App\\Models\\User',	18,	'authToken',	'c391202e8b2b53202a5f5f8e608a4b6c3532fcbadc2c9cb721c2bcebbca8eeaa',	'[\"*\"]',	NULL,	NULL,	'2023-11-06 16:45:46',	'2023-11-06 16:45:46'),
(247,	'App\\Models\\User',	18,	'authToken',	'8f26e2eb95e260059530eeb2ab267b3d89ec0103191da025be792aaf58a5e5cc',	'[\"*\"]',	NULL,	NULL,	'2023-11-06 17:05:26',	'2023-11-06 17:05:26'),
(248,	'App\\Models\\User',	18,	'authToken',	'447db1f9632f8aa0fc304f4e6c102feb108b084a0b1f0b0ffaef988da92fdebe',	'[\"*\"]',	NULL,	NULL,	'2023-11-06 17:09:09',	'2023-11-06 17:09:09'),
(249,	'App\\Models\\User',	18,	'authToken',	'e3c6f96643c1e40fc80356cd0ca421a26d864360d0c395751c31b36ae17c5d48',	'[\"*\"]',	NULL,	NULL,	'2023-11-06 17:27:44',	'2023-11-06 17:27:44'),
(250,	'App\\Models\\User',	18,	'authToken',	'8c2026ecdab90f4bb14f1bc4124897970b39a676963e85fd132a54738ca68246',	'[\"*\"]',	'2023-11-06 17:35:16',	NULL,	'2023-11-06 17:35:15',	'2023-11-06 17:35:16'),
(251,	'App\\Models\\User',	18,	'authToken',	'b97209fee981c11c06a6be8e3db38a60bbdb4c2e83577a506a33d4cd26b3cfcc',	'[\"*\"]',	'2023-11-06 17:37:41',	NULL,	'2023-11-06 17:37:40',	'2023-11-06 17:37:41'),
(252,	'App\\Models\\User',	18,	'authToken',	'4b638d7a37898be06804fac040ef0c38051c09545694b8806e1161704d9897cc',	'[\"*\"]',	'2023-11-06 17:40:10',	NULL,	'2023-11-06 17:40:09',	'2023-11-06 17:40:10'),
(253,	'App\\Models\\User',	18,	'authToken',	'4e5e88801fd892a3bd84109663474e1e05e587744bc7ba4f0c3c5245c573c025',	'[\"*\"]',	'2023-11-06 17:42:33',	NULL,	'2023-11-06 17:42:32',	'2023-11-06 17:42:33'),
(254,	'App\\Models\\User',	18,	'authToken',	'4003d70f38c32b7614577d8f03ee7a0db4b706b4da94b7cf26b8273739f7fa89',	'[\"*\"]',	'2023-11-06 17:43:03',	NULL,	'2023-11-06 17:43:03',	'2023-11-06 17:43:03'),
(255,	'App\\Models\\User',	18,	'authToken',	'f685ad5707f2684722dcc63c6298becaf2ba43872892700528267b06a71cd163',	'[\"*\"]',	'2023-11-06 17:43:38',	NULL,	'2023-11-06 17:43:37',	'2023-11-06 17:43:38'),
(256,	'App\\Models\\User',	18,	'authToken',	'a59509de442b6ca1f0705b0254085d81b0114e655b5c81b15293801d94993999',	'[\"*\"]',	'2023-11-06 17:53:58',	NULL,	'2023-11-06 17:53:57',	'2023-11-06 17:53:58'),
(257,	'App\\Models\\User',	18,	'authToken',	'90e606ab71c8a6e1344471b4d98c9ab940494c1007f51a8183bdf590b9c6865c',	'[\"*\"]',	'2023-11-06 17:54:36',	NULL,	'2023-11-06 17:54:35',	'2023-11-06 17:54:36'),
(258,	'App\\Models\\User',	18,	'authToken',	'a2dd28ec90203f3d648e1ddf9bed28341c4f6e65fc7e93e8f0780fc7b2f1f62a',	'[\"*\"]',	NULL,	NULL,	'2023-11-06 17:55:33',	'2023-11-06 17:55:33'),
(259,	'App\\Models\\User',	18,	'authToken',	'5c2b196b7f171ce1e579827976a1e44a25c46f4f3df330ab796b336d069e2be3',	'[\"*\"]',	'2023-11-07 03:22:01',	NULL,	'2023-11-07 03:13:21',	'2023-11-07 03:22:01'),
(260,	'App\\Models\\User',	18,	'authToken',	'62e4fbf342381b674bccf81dad19035880a1153f967eee1f2f8546a597e70dea',	'[\"*\"]',	'2023-11-07 03:23:01',	NULL,	'2023-11-07 03:23:01',	'2023-11-07 03:23:01'),
(261,	'App\\Models\\User',	18,	'authToken',	'87df13feeb4848734d3f1d1673e6484e599023cb8ab570b3264a8771e243d4ca',	'[\"*\"]',	'2023-11-07 03:23:47',	NULL,	'2023-11-07 03:23:46',	'2023-11-07 03:23:47'),
(262,	'App\\Models\\User',	18,	'authToken',	'8657810038a5ab103298de854c40fd21a70d41395e069d653a1694e31faf10a9',	'[\"*\"]',	NULL,	NULL,	'2023-11-07 04:00:09',	'2023-11-07 04:00:09'),
(263,	'App\\Models\\User',	18,	'authToken',	'954b59b157c80d77c0ff41521c2a0bb73e2dae84daf70158a9a2ca244a5e1278',	'[\"*\"]',	'2023-11-07 04:13:55',	NULL,	'2023-11-07 04:04:23',	'2023-11-07 04:13:55'),
(264,	'App\\Models\\User',	18,	'authToken',	'918c4ede11bc00553ed681e03e5595f9e93aba731b2c54909bdf7217e90d196b',	'[\"*\"]',	'2023-11-07 04:29:31',	NULL,	'2023-11-07 04:14:29',	'2023-11-07 04:29:31'),
(265,	'App\\Models\\User',	18,	'authToken',	'79224a29e7e218f774292318922817c1fb52359c5baf471a1e58792993c9b454',	'[\"*\"]',	'2023-11-07 04:53:47',	NULL,	'2023-11-07 04:53:45',	'2023-11-07 04:53:47'),
(266,	'App\\Models\\User',	18,	'authToken',	'89a355dcf56426288cfffe99d873b52e535ae87d4cbf048079b43299c2ae0560',	'[\"*\"]',	'2023-11-07 04:54:54',	NULL,	'2023-11-07 04:54:53',	'2023-11-07 04:54:54'),
(267,	'App\\Models\\User',	18,	'authToken',	'f73afd0846de94c3284f4ac671459decd9e6412cd4afa4c20b3b8225b1cc239d',	'[\"*\"]',	'2023-11-07 04:56:33',	NULL,	'2023-11-07 04:56:32',	'2023-11-07 04:56:33'),
(268,	'App\\Models\\User',	18,	'authToken',	'b066c1b8b304ac2c96343cc835202e8b7376bb0e19376a3a7975158fec9dd2c6',	'[\"*\"]',	'2023-11-07 05:02:48',	NULL,	'2023-11-07 04:57:55',	'2023-11-07 05:02:48'),
(269,	'App\\Models\\User',	18,	'authToken',	'b46a2081b21e6a311199207071e950b5e21c46f4b6172eec5b9341278fa9b19f',	'[\"*\"]',	'2023-11-07 05:07:08',	NULL,	'2023-11-07 05:07:07',	'2023-11-07 05:07:08'),
(270,	'App\\Models\\User',	18,	'authToken',	'17b06a41fb212b63e04ce485e6cbd7849cfe2d03781d4d25f1f6f65961d11445',	'[\"*\"]',	'2023-11-07 05:09:54',	NULL,	'2023-11-07 05:09:52',	'2023-11-07 05:09:54'),
(271,	'App\\Models\\User',	18,	'authToken',	'd9055235097d175780acf4c06ebaf9d4bc17d88abf8537ed075c051742978af7',	'[\"*\"]',	'2023-11-07 05:10:50',	NULL,	'2023-11-07 05:10:49',	'2023-11-07 05:10:50'),
(272,	'App\\Models\\User',	18,	'authToken',	'08eadb01ea80477dcdf3c6cf3e47ac0f282e017047afc16d4efad31034763ba7',	'[\"*\"]',	'2023-11-07 05:11:32',	NULL,	'2023-11-07 05:11:31',	'2023-11-07 05:11:32'),
(273,	'App\\Models\\User',	18,	'authToken',	'624791adff083e6381e0f8e6968bfbe0cc56a3b55db40bd2e43b03a4b3b5151c',	'[\"*\"]',	'2023-11-07 05:12:39',	NULL,	'2023-11-07 05:12:38',	'2023-11-07 05:12:39'),
(274,	'App\\Models\\User',	18,	'authToken',	'23a761e27fde3b25a2f9a668e3aabe6b3d6f766ae337daf3ac5d858b92a32b7c',	'[\"*\"]',	'2023-11-07 05:13:02',	NULL,	'2023-11-07 05:13:01',	'2023-11-07 05:13:02'),
(275,	'App\\Models\\User',	18,	'authToken',	'0cc8d3d7d14a04a2e35507f020424bf315f0aace29dc09e58db401af6a760fa0',	'[\"*\"]',	'2023-11-07 05:13:32',	NULL,	'2023-11-07 05:13:31',	'2023-11-07 05:13:32'),
(276,	'App\\Models\\User',	18,	'authToken',	'27b4cba96eb49c4694cde83a9ac326c28c1dd2515a3a786d1a0898a873f841f7',	'[\"*\"]',	'2023-11-07 05:16:58',	NULL,	'2023-11-07 05:16:57',	'2023-11-07 05:16:58'),
(277,	'App\\Models\\User',	18,	'authToken',	'ac74fa1cf0877228ce0e299e4dd932190a7c144cb5f1284ab45126418cfa2505',	'[\"*\"]',	'2023-11-07 05:18:02',	NULL,	'2023-11-07 05:18:01',	'2023-11-07 05:18:02'),
(278,	'App\\Models\\User',	18,	'authToken',	'307d7d73231c0f5360b5a61814133aca1a03ce259ad03779b20be3d483fc775b',	'[\"*\"]',	'2023-11-07 05:24:18',	NULL,	'2023-11-07 05:19:48',	'2023-11-07 05:24:18'),
(279,	'App\\Models\\User',	18,	'authToken',	'c7104fb031d7e4f446413f1791f2037644b1b2744520f50b4128d418501755d1',	'[\"*\"]',	'2023-11-07 05:24:32',	NULL,	'2023-11-07 05:24:31',	'2023-11-07 05:24:32'),
(280,	'App\\Models\\User',	18,	'authToken',	'388ff02b16241acbe6682322de4aaaf39537b10c996ae9eca837d19ca6c2aaef',	'[\"*\"]',	'2023-11-07 05:26:14',	NULL,	'2023-11-07 05:26:13',	'2023-11-07 05:26:14'),
(281,	'App\\Models\\User',	18,	'authToken',	'e067f92f9212ea4f787fd465e7c9436626e210341efb321e152b3870244f16fe',	'[\"*\"]',	'2023-11-07 05:26:27',	NULL,	'2023-11-07 05:26:26',	'2023-11-07 05:26:27'),
(282,	'App\\Models\\User',	18,	'authToken',	'8d2e475080c2ef01a0e2ed284e52a086d84c406deee7d33fc923ca41037adca5',	'[\"*\"]',	'2023-11-07 05:43:17',	NULL,	'2023-11-07 05:27:25',	'2023-11-07 05:43:17'),
(283,	'App\\Models\\User',	18,	'authToken',	'd4dcd26d84494e34334fa4f28f1f67d995483735cdd447a7bf95e70f643b162b',	'[\"*\"]',	NULL,	NULL,	'2023-11-07 05:46:20',	'2023-11-07 05:46:20'),
(284,	'App\\Models\\User',	18,	'authToken',	'45f160cb115abf91063d3cac535a34e7614870af56e2a9e9e8abddabc2a92d01',	'[\"*\"]',	NULL,	NULL,	'2023-11-07 06:13:19',	'2023-11-07 06:13:19'),
(285,	'App\\Models\\User',	18,	'authToken',	'81ea39049a05a2954c7ff6d5ddf35c37b60492b291ca83ddc0176a9284aa35fc',	'[\"*\"]',	'2023-11-07 06:16:25',	NULL,	'2023-11-07 06:16:21',	'2023-11-07 06:16:25'),
(286,	'App\\Models\\User',	18,	'authToken',	'536e90bffbdd75ca7e94ef02dae27225c4dba48ae8318bac96766e74a1bca110',	'[\"*\"]',	'2023-11-07 06:48:54',	NULL,	'2023-11-07 06:48:51',	'2023-11-07 06:48:54'),
(287,	'App\\Models\\User',	18,	'authToken',	'2a64466d54f4c539c34ae1722e69c66a7a7f4ae849ab348d4263c479ad4da72c',	'[\"*\"]',	'2023-11-07 06:56:15',	NULL,	'2023-11-07 06:56:13',	'2023-11-07 06:56:15'),
(288,	'App\\Models\\User',	18,	'authToken',	'78209e82ecca86d16a0813000d93e83b82fbad946cadb50b267591162de0a104',	'[\"*\"]',	'2023-11-07 07:02:03',	NULL,	'2023-11-07 07:02:02',	'2023-11-07 07:02:03'),
(289,	'App\\Models\\User',	18,	'authToken',	'704613a9aa364e09ce4b3d91c42e4f8f3703c90a09ab13933d98b2725b22a8f2',	'[\"*\"]',	'2023-11-07 07:02:32',	NULL,	'2023-11-07 07:02:31',	'2023-11-07 07:02:32'),
(290,	'App\\Models\\User',	18,	'authToken',	'7fa6ed56109e857d345e96a84d03748ad4ccfe76217a4c49cf72974b567c8ea0',	'[\"*\"]',	'2023-11-07 07:04:02',	NULL,	'2023-11-07 07:04:01',	'2023-11-07 07:04:02'),
(291,	'App\\Models\\User',	18,	'authToken',	'a1a0e07d8b1763d596b47d77db5ccad1687f29a5b4a3f604d5bf97b39e463cb8',	'[\"*\"]',	'2023-11-07 07:46:42',	NULL,	'2023-11-07 07:46:41',	'2023-11-07 07:46:42'),
(292,	'App\\Models\\User',	18,	'authToken',	'18789109dab7be6efc02d974abd1a4de0612f4df9b7344f9488b997e3ab54cbb',	'[\"*\"]',	'2023-11-07 07:51:35',	NULL,	'2023-11-07 07:51:34',	'2023-11-07 07:51:35'),
(293,	'App\\Models\\User',	18,	'authToken',	'e1607ec6af2ee7f4ed60a3cf6eb2f9a7840c5cf4a3c7f36064569f8245e19ec9',	'[\"*\"]',	'2023-11-07 07:51:55',	NULL,	'2023-11-07 07:51:54',	'2023-11-07 07:51:55'),
(294,	'App\\Models\\User',	18,	'authToken',	'b4aa84a593e20a1a651441e6c9ec630c13a59dea51c212d14b9bc71296493fac',	'[\"*\"]',	'2023-11-07 07:53:07',	NULL,	'2023-11-07 07:53:06',	'2023-11-07 07:53:07'),
(295,	'App\\Models\\User',	18,	'authToken',	'c1c1f3c77a9a6742574233433e721c3245d662272120efd432ef332d6d2267d9',	'[\"*\"]',	'2023-11-07 07:53:40',	NULL,	'2023-11-07 07:53:39',	'2023-11-07 07:53:40'),
(296,	'App\\Models\\User',	18,	'authToken',	'bcbf1b92df009de6efe48ceb4ea3591a2dd2af4b9adc151ab875e221ee7be514',	'[\"*\"]',	'2023-11-07 07:54:01',	NULL,	'2023-11-07 07:54:00',	'2023-11-07 07:54:01'),
(297,	'App\\Models\\User',	18,	'authToken',	'22b09b7a7aff8169503aee1767172e4c159345b866d4e53fdb23ce2fa799402f',	'[\"*\"]',	'2023-11-07 07:54:44',	NULL,	'2023-11-07 07:54:43',	'2023-11-07 07:54:44'),
(298,	'App\\Models\\User',	18,	'authToken',	'e78366a7248544c92615af31282ac8cb889cdc09d0c835b4edf44cb145812394',	'[\"*\"]',	'2023-11-07 07:55:37',	NULL,	'2023-11-07 07:55:36',	'2023-11-07 07:55:37'),
(299,	'App\\Models\\User',	18,	'authToken',	'00dcfcbc99979c0cd7522e475ddab5a0a227f57abf8b27e6ddaf55623d6626da',	'[\"*\"]',	'2023-11-07 07:57:19',	NULL,	'2023-11-07 07:57:18',	'2023-11-07 07:57:19'),
(300,	'App\\Models\\User',	18,	'authToken',	'dab1522c28521d3e338b734f3c8355d5b24343c16bec926932aa99d77409c9e7',	'[\"*\"]',	'2023-11-07 07:58:26',	NULL,	'2023-11-07 07:58:25',	'2023-11-07 07:58:26'),
(301,	'App\\Models\\User',	18,	'authToken',	'f7f968b7de7353560138d5625a2306220b77253480fd7e6ef503f39722d9e092',	'[\"*\"]',	'2023-11-07 08:01:01',	NULL,	'2023-11-07 08:01:00',	'2023-11-07 08:01:01'),
(302,	'App\\Models\\User',	18,	'authToken',	'5d45ced8e74d585635066e99a585271a00c011059f4a5b2516ce625e211f9861',	'[\"*\"]',	'2023-11-07 08:12:59',	NULL,	'2023-11-07 08:12:58',	'2023-11-07 08:12:59'),
(303,	'App\\Models\\User',	18,	'authToken',	'9acf07a2e4dc225c8e599e49968893e0dc47d8c3c1c627cca6f243423323bd12',	'[\"*\"]',	'2023-11-07 08:13:25',	NULL,	'2023-11-07 08:13:24',	'2023-11-07 08:13:25'),
(304,	'App\\Models\\User',	18,	'authToken',	'9afaa193c3b4933867c01ec824cb5cd4a6789a7111ee5b006c0156f3f612f216',	'[\"*\"]',	'2023-11-07 08:13:58',	NULL,	'2023-11-07 08:13:57',	'2023-11-07 08:13:58'),
(305,	'App\\Models\\User',	18,	'authToken',	'03704d2774483a171aa5d57849e233704e55bd7142727018802157654406fbf7',	'[\"*\"]',	'2023-11-07 08:34:42',	NULL,	'2023-11-07 08:34:41',	'2023-11-07 08:34:42'),
(306,	'App\\Models\\User',	18,	'authToken',	'a32f0e2780fbace2c85440179146985f5d37869155c9e6ed849a652e4a0e6d51',	'[\"*\"]',	'2023-11-07 08:38:53',	NULL,	'2023-11-07 08:38:52',	'2023-11-07 08:38:53'),
(307,	'App\\Models\\User',	18,	'authToken',	'0c0f2125cf8c37a5ec90de8744cf81ea3f2bb2defcb75ff3b8da85e6a88043f1',	'[\"*\"]',	'2023-11-07 08:39:29',	NULL,	'2023-11-07 08:39:28',	'2023-11-07 08:39:29'),
(308,	'App\\Models\\User',	18,	'authToken',	'90e0fc76643e9e6eaf66d2b8a43ce14229b8e09ef4f6f25a90c3c9198e6c839a',	'[\"*\"]',	'2023-11-07 08:42:39',	NULL,	'2023-11-07 08:42:38',	'2023-11-07 08:42:39'),
(309,	'App\\Models\\User',	18,	'authToken',	'9a12bc3d44335e075e1ae186fd2254726131859a3a49eade77d9a7196ad02861',	'[\"*\"]',	'2023-11-07 08:46:32',	NULL,	'2023-11-07 08:46:30',	'2023-11-07 08:46:32'),
(310,	'App\\Models\\User',	18,	'authToken',	'ef220031319887a9c9b0b8b3632a403280d2d56e045f554e80a6c3d83e58b1ef',	'[\"*\"]',	'2023-11-07 08:47:37',	NULL,	'2023-11-07 08:47:36',	'2023-11-07 08:47:37'),
(311,	'App\\Models\\User',	18,	'authToken',	'421fdffd89118e7b078a6da4aa0b502ec1a7fcda19d98a07dc66f03ed0130274',	'[\"*\"]',	'2023-11-07 08:55:16',	NULL,	'2023-11-07 08:55:15',	'2023-11-07 08:55:16'),
(312,	'App\\Models\\User',	18,	'authToken',	'57734ef202bb3bd06ddea12a89ac373981a6ab791b1927af333e3f322603ff51',	'[\"*\"]',	'2023-11-07 08:56:32',	NULL,	'2023-11-07 08:56:30',	'2023-11-07 08:56:32'),
(313,	'App\\Models\\User',	18,	'authToken',	'868d434b937f89885314ac5e60cd9f94dd423723f1970561657df7932a982faa',	'[\"*\"]',	'2023-11-07 08:57:45',	NULL,	'2023-11-07 08:57:43',	'2023-11-07 08:57:45'),
(314,	'App\\Models\\User',	18,	'authToken',	'5dda3e64dbb61606a34c345a00912cfa3bbd697d559f0f8d46da910df22ff98b',	'[\"*\"]',	'2023-11-07 08:58:19',	NULL,	'2023-11-07 08:58:18',	'2023-11-07 08:58:19'),
(315,	'App\\Models\\User',	18,	'authToken',	'd828f9fe76f69e7cdabf61eafc7611c723a3d66a6f1de0568ee86d13136691fd',	'[\"*\"]',	'2023-11-07 08:58:52',	NULL,	'2023-11-07 08:58:51',	'2023-11-07 08:58:52'),
(316,	'App\\Models\\User',	18,	'authToken',	'0278032f5f9c546b0d9b230373046880ab010b8aa74c7e2cd5cfe55e51334576',	'[\"*\"]',	'2023-11-07 09:11:18',	NULL,	'2023-11-07 09:11:16',	'2023-11-07 09:11:18'),
(317,	'App\\Models\\User',	18,	'authToken',	'f71cece53397330d03d94cf1770046afb34fc957e7fd462f914acc8c9f5b4e56',	'[\"*\"]',	'2023-11-07 09:12:29',	NULL,	'2023-11-07 09:12:28',	'2023-11-07 09:12:29'),
(318,	'App\\Models\\User',	18,	'authToken',	'8da2418782264f62d54a2b58ee48660872519ae72d351b6330c965760629ccb8',	'[\"*\"]',	'2023-11-07 09:35:33',	NULL,	'2023-11-07 09:35:32',	'2023-11-07 09:35:33'),
(319,	'App\\Models\\User',	18,	'authToken',	'cffaa3887cb2c2cbb6640e0a1463854fc55e7903cfe615638b10830bc2525aab',	'[\"*\"]',	'2023-11-07 09:36:26',	NULL,	'2023-11-07 09:36:25',	'2023-11-07 09:36:26'),
(320,	'App\\Models\\User',	18,	'authToken',	'adc3701894c88f29784411f9195e1763129fbf039d45b6d557637a5d108683a9',	'[\"*\"]',	'2023-11-07 09:40:30',	NULL,	'2023-11-07 09:40:29',	'2023-11-07 09:40:30'),
(321,	'App\\Models\\User',	18,	'authToken',	'55dba7f904c47ea0da549a51dfd64e4272b8989be1ecfd480d2f1b67a6fbae47',	'[\"*\"]',	'2023-11-07 09:41:42',	NULL,	'2023-11-07 09:41:41',	'2023-11-07 09:41:42'),
(322,	'App\\Models\\User',	18,	'authToken',	'cb0524321a6c6bbae2771c89db88dbefb2e371c7609d9f812d37d4fc3913016d',	'[\"*\"]',	'2023-11-07 09:46:21',	NULL,	'2023-11-07 09:46:20',	'2023-11-07 09:46:21'),
(323,	'App\\Models\\User',	18,	'authToken',	'e7c61a3ee7db9ad744f6715ff3dbcb7f405ff2b85211f3c7c234f26db50fcc84',	'[\"*\"]',	'2023-11-07 09:48:02',	NULL,	'2023-11-07 09:48:00',	'2023-11-07 09:48:02'),
(324,	'App\\Models\\User',	18,	'authToken',	'60f454b830be8070f927fc15c223a23b70314211a45a80e74a08b38382e00c4e',	'[\"*\"]',	'2023-11-07 09:57:08',	NULL,	'2023-11-07 09:57:06',	'2023-11-07 09:57:08'),
(325,	'App\\Models\\User',	18,	'authToken',	'4ab118137b4eb636a12142155e3f51b1a951125a0201d2f37c85c512faaf8940',	'[\"*\"]',	'2023-11-07 09:59:09',	NULL,	'2023-11-07 09:59:08',	'2023-11-07 09:59:09'),
(326,	'App\\Models\\User',	18,	'authToken',	'dbf8ada273210c05d5f5ddc62c4aaf30eb9bb715f3742231504dfd7eb62db9a6',	'[\"*\"]',	'2023-11-07 10:02:26',	NULL,	'2023-11-07 10:02:25',	'2023-11-07 10:02:26'),
(327,	'App\\Models\\User',	18,	'authToken',	'ad47c73acb7c8750afe652b11e57af2e659015987ae695a2a6d4255accbdb68a',	'[\"*\"]',	'2023-11-07 10:09:12',	NULL,	'2023-11-07 10:09:10',	'2023-11-07 10:09:12'),
(328,	'App\\Models\\User',	18,	'authToken',	'b73fe72e7e8e76799011f0cfb71b386809ab56fe7ccc20f21ce083a36e6df610',	'[\"*\"]',	'2023-11-07 10:15:33',	NULL,	'2023-11-07 10:15:32',	'2023-11-07 10:15:33'),
(329,	'App\\Models\\User',	18,	'authToken',	'016e6320a29bcd4f4d9e8a3c6ec4efdb2f4a88fa55929397f4195287d9b34824',	'[\"*\"]',	'2023-11-07 10:16:01',	NULL,	'2023-11-07 10:16:00',	'2023-11-07 10:16:01'),
(330,	'App\\Models\\User',	18,	'authToken',	'1a6459fe1b7b8071a6d1182bce27a3bf5ecf5bdfa0c5e024c79030035dd7428b',	'[\"*\"]',	'2023-11-07 10:19:19',	NULL,	'2023-11-07 10:19:18',	'2023-11-07 10:19:19'),
(331,	'App\\Models\\User',	18,	'authToken',	'2fa7d96bc8c07f69a7eeba32393e6578ab0d6b2cb21b40b2cf2414f7f7e6fbc1',	'[\"*\"]',	'2023-11-07 10:52:46',	NULL,	'2023-11-07 10:52:45',	'2023-11-07 10:52:46'),
(332,	'App\\Models\\User',	18,	'authToken',	'ccac49404806613efb58497aa1b72b74f8e25a87dcbc332ad9e45860b4a82058',	'[\"*\"]',	'2023-11-07 11:03:45',	NULL,	'2023-11-07 11:03:43',	'2023-11-07 11:03:45'),
(333,	'App\\Models\\User',	18,	'authToken',	'ac13b7016c6ece208a07468cd9f696906c1917783d20b860693764b182d83a7f',	'[\"*\"]',	'2023-11-07 11:14:19',	NULL,	'2023-11-07 11:14:17',	'2023-11-07 11:14:19'),
(334,	'App\\Models\\User',	18,	'authToken',	'4494367518d5cd1d94f1b106e7d57ad12c29951f463803b65956586502d7b63d',	'[\"*\"]',	'2023-11-07 11:37:43',	NULL,	'2023-11-07 11:37:42',	'2023-11-07 11:37:43'),
(335,	'App\\Models\\User',	18,	'authToken',	'45b7bdacd43be027b115eba7dae09b8e8644ad2ff3f5c85292b653a819a3c843',	'[\"*\"]',	'2023-11-07 11:38:10',	NULL,	'2023-11-07 11:38:09',	'2023-11-07 11:38:10'),
(336,	'App\\Models\\User',	18,	'authToken',	'6d56fc2b85274d14b247222f3d6f36e0a75dcd9122b7ef31e7ffd6d0ddb99b62',	'[\"*\"]',	'2023-11-07 13:45:21',	NULL,	'2023-11-07 13:45:17',	'2023-11-07 13:45:21'),
(337,	'App\\Models\\User',	18,	'authToken',	'ee74b4357140003f50f085f9a2dd59c04b74877c11bfe508d498db2a30e714f4',	'[\"*\"]',	'2023-11-07 13:56:25',	NULL,	'2023-11-07 13:56:24',	'2023-11-07 13:56:25'),
(338,	'App\\Models\\User',	18,	'authToken',	'95b8a304df62c7c5a66041cc2d60546f2aee74a29162651739bb64af8559f69a',	'[\"*\"]',	'2023-11-07 14:00:26',	NULL,	'2023-11-07 14:00:25',	'2023-11-07 14:00:26'),
(339,	'App\\Models\\User',	18,	'authToken',	'b8209fcfb9ab0d19bfbf95e57d222e1c2c5fc06e0d089a8d30625c5bd2fd6ca9',	'[\"*\"]',	'2023-11-07 14:01:14',	NULL,	'2023-11-07 14:01:14',	'2023-11-07 14:01:14'),
(340,	'App\\Models\\User',	18,	'authToken',	'ba39f4b90cad71622ace09352b66b5860eeec15b4b4108e2340c0fb5128273ea',	'[\"*\"]',	'2023-11-07 14:03:42',	NULL,	'2023-11-07 14:03:33',	'2023-11-07 14:03:42'),
(341,	'App\\Models\\User',	18,	'authToken',	'8620132d2abf5fb97ff3deaf713e51553fbdf4cdc9945574a5ddf85bb4958f9b',	'[\"*\"]',	'2023-11-07 14:06:42',	NULL,	'2023-11-07 14:06:40',	'2023-11-07 14:06:42'),
(342,	'App\\Models\\User',	18,	'authToken',	'6c6c81cd8e6bcb0d51c331605de90aa2fd2de02a939879345bfe2adb3d15e890',	'[\"*\"]',	'2023-11-07 14:07:27',	NULL,	'2023-11-07 14:07:25',	'2023-11-07 14:07:27'),
(343,	'App\\Models\\User',	18,	'authToken',	'6b8c7e6bf85281b2372292900e969025c04bac469cb5b776d9414879504c24b6',	'[\"*\"]',	'2023-11-07 14:11:20',	NULL,	'2023-11-07 14:11:19',	'2023-11-07 14:11:20'),
(344,	'App\\Models\\User',	18,	'authToken',	'43c44c024b8b50674d22982514cf6046647084f701258d2c4f235e28d9352643',	'[\"*\"]',	'2023-11-07 14:12:18',	NULL,	'2023-11-07 14:12:16',	'2023-11-07 14:12:18'),
(345,	'App\\Models\\User',	18,	'authToken',	'6a7d22401005be199cb5eb9ef4f5c8da56dde08e994edb644f766dbdc3696bf4',	'[\"*\"]',	'2023-11-07 14:13:35',	NULL,	'2023-11-07 14:13:32',	'2023-11-07 14:13:35'),
(346,	'App\\Models\\User',	18,	'authToken',	'89f70edaa1dfbcea2513eb6ab3dd071498b03f8eefc1b8c58a1cf1459d02e2b9',	'[\"*\"]',	'2023-11-07 14:21:10',	NULL,	'2023-11-07 14:14:22',	'2023-11-07 14:21:10'),
(347,	'App\\Models\\User',	18,	'authToken',	'd1c6a7500fe59f758c9066d07fbdf73a54cc346cccb1889cd869c1dc0d43b722',	'[\"*\"]',	'2023-11-07 14:22:00',	NULL,	'2023-11-07 14:21:58',	'2023-11-07 14:22:00'),
(348,	'App\\Models\\User',	18,	'authToken',	'dee7f500eb38b11c639fa1e4a2ee187f63f1510dad2f81089ac443dbfac21286',	'[\"*\"]',	'2023-11-07 14:22:56',	NULL,	'2023-11-07 14:22:53',	'2023-11-07 14:22:56'),
(349,	'App\\Models\\User',	18,	'authToken',	'f7e8503561aa7b81e44b61d25dece06ab82b91e28e2ac3fe406b62b09dcae824',	'[\"*\"]',	'2023-11-07 14:44:59',	NULL,	'2023-11-07 14:24:44',	'2023-11-07 14:44:59'),
(350,	'App\\Models\\User',	18,	'authToken',	'7b605add6fd182b6c4fb3a7f517f1f801fc9604a494931a0ac94d41d223b513d',	'[\"*\"]',	'2023-11-07 16:21:59',	NULL,	'2023-11-07 14:55:35',	'2023-11-07 16:21:59'),
(351,	'App\\Models\\User',	18,	'authToken',	'927ff95f03611adc0ad1fb023e2cbbbc8948b8fcd85f64926c9bb5b52d121779',	'[\"*\"]',	'2023-11-07 16:42:42',	NULL,	'2023-11-07 16:27:32',	'2023-11-07 16:42:42'),
(352,	'App\\Models\\User',	18,	'authToken',	'dfbf895ac5424ec6384bcd2e0d372bc4ba3387c2f2d7b552e6cea249b6cf7583',	'[\"*\"]',	'2023-11-07 16:46:59',	NULL,	'2023-11-07 16:45:31',	'2023-11-07 16:46:59'),
(353,	'App\\Models\\User',	18,	'authToken',	'bd8201386c1e590c2872946596b28c0d1c8701b101813ffa3398a55343b646a9',	'[\"*\"]',	'2023-11-07 16:47:59',	NULL,	'2023-11-07 16:47:57',	'2023-11-07 16:47:59'),
(354,	'App\\Models\\User',	18,	'authToken',	'447296e83fbb6d3c2530919e0d991bc897bc9e833581e4d1e288c799183ab38e',	'[\"*\"]',	'2023-11-08 05:56:47',	NULL,	'2023-11-08 05:56:45',	'2023-11-08 05:56:47'),
(355,	'App\\Models\\User',	18,	'authToken',	'd69c349dcfccfbabbfd235e1b19765aa6ef0e626bd185697a2cd89598288befb',	'[\"*\"]',	'2023-11-08 06:27:41',	NULL,	'2023-11-08 05:57:27',	'2023-11-08 06:27:41'),
(356,	'App\\Models\\User',	18,	'authToken',	'5de435ddd165da20903342dd6a1892c4a85c75d4dfdba0c4fddbfdc0f96b3f3e',	'[\"*\"]',	'2023-11-08 06:28:09',	NULL,	'2023-11-08 06:28:08',	'2023-11-08 06:28:09'),
(357,	'App\\Models\\User',	18,	'authToken',	'7ac18c3fdf97e579304b1333013718cfa3b05d689af211b59fb64fe555065d07',	'[\"*\"]',	'2023-11-08 06:29:04',	NULL,	'2023-11-08 06:28:58',	'2023-11-08 06:29:04'),
(358,	'App\\Models\\User',	18,	'authToken',	'f1d52fb7d87e40f719842335d8066ba30f04b6e66a1be98143e12682ad6ba468',	'[\"*\"]',	'2023-11-08 06:30:55',	NULL,	'2023-11-08 06:30:52',	'2023-11-08 06:30:55'),
(359,	'App\\Models\\User',	18,	'authToken',	'c5b3483a3ac083523c1689a53fe6d5c852304f85f03830cbd561e5e84d318a3a',	'[\"*\"]',	'2023-11-08 06:34:50',	NULL,	'2023-11-08 06:34:49',	'2023-11-08 06:34:50'),
(360,	'App\\Models\\User',	18,	'authToken',	'3a0a465f48ece5ef667bb88530af9eff172825ed02ccfa2fce80e0e711f646be',	'[\"*\"]',	'2023-11-08 06:40:05',	NULL,	'2023-11-08 06:40:04',	'2023-11-08 06:40:05'),
(361,	'App\\Models\\User',	18,	'authToken',	'a7dec75e706b83fecbabade1b658e7a0ec7062b8d00c7e66b20894c310299870',	'[\"*\"]',	'2023-11-08 06:40:10',	NULL,	'2023-11-08 06:40:09',	'2023-11-08 06:40:10'),
(362,	'App\\Models\\User',	18,	'authToken',	'9d59557d205b72d733c40be21df0d9ecc46ae3b70ee96025297e19d0ffcccde5',	'[\"*\"]',	'2023-11-08 06:40:17',	NULL,	'2023-11-08 06:40:16',	'2023-11-08 06:40:17'),
(363,	'App\\Models\\User',	18,	'authToken',	'9449438b1267afde309dea5fc264c865dff9bbea08b7262f2703bb56995b6794',	'[\"*\"]',	'2023-11-08 06:44:08',	NULL,	'2023-11-08 06:44:07',	'2023-11-08 06:44:08'),
(364,	'App\\Models\\User',	18,	'authToken',	'261df1fe4a1cbae2a438d96af6e06b6d1cb21d96371abba228c7b633f7b8fb51',	'[\"*\"]',	'2023-11-08 06:48:05',	NULL,	'2023-11-08 06:45:19',	'2023-11-08 06:48:05'),
(365,	'App\\Models\\User',	18,	'authToken',	'610535a220d117514d7853575a549a6bfb5a15d42c7135324ce7a560ba618b75',	'[\"*\"]',	'2023-11-08 06:49:33',	NULL,	'2023-11-08 06:48:20',	'2023-11-08 06:49:33'),
(366,	'App\\Models\\User',	18,	'authToken',	'35bf2c8c84d7a8ad311e67235b64a1322426cf33cfb47202c39d51ac1f247f30',	'[\"*\"]',	'2023-11-08 07:05:28',	NULL,	'2023-11-08 06:50:16',	'2023-11-08 07:05:28'),
(367,	'App\\Models\\User',	18,	'authToken',	'92051609b3e4e6261fc1aa42cca2cdf13c5d1101a89fea4ba90838b42e1b1799',	'[\"*\"]',	'2023-11-08 10:27:03',	NULL,	'2023-11-08 10:26:58',	'2023-11-08 10:27:03'),
(368,	'App\\Models\\User',	18,	'authToken',	'327a2f3c7bd287d32d8c5b67b9eeb69e6905f93651308f1124b2ee808af67476',	'[\"*\"]',	'2023-11-08 10:38:39',	NULL,	'2023-11-08 10:38:08',	'2023-11-08 10:38:39'),
(369,	'App\\Models\\User',	18,	'authToken',	'bf3d9a69fd88243537c90d73a37a6e9e56933ce18d969c7bbd690529afff693e',	'[\"*\"]',	NULL,	NULL,	'2023-11-08 11:33:21',	'2023-11-08 11:33:21'),
(370,	'App\\Models\\User',	18,	'authToken',	'2f99d53a9a43ca5741120c91198137edeefecbc02a9611b7040902c50b31ff89',	'[\"*\"]',	NULL,	NULL,	'2023-11-08 11:35:09',	'2023-11-08 11:35:09'),
(371,	'App\\Models\\User',	18,	'authToken',	'29dc159ea77220eab65c361b80e08aa914dba8b585b639a126ed31d5ae0bc8e3',	'[\"*\"]',	NULL,	NULL,	'2023-11-08 11:36:43',	'2023-11-08 11:36:43'),
(372,	'App\\Models\\User',	18,	'authToken',	'154462f3bd6ffd10c7543643f91d26b70a165ede499aab2fb661df363c5b05e2',	'[\"*\"]',	NULL,	NULL,	'2023-11-08 11:37:52',	'2023-11-08 11:37:52'),
(373,	'App\\Models\\User',	18,	'authToken',	'3f4cf58f960db8f5271424949bd60f7c66652908974d5e55d8d2f00a1e543b1a',	'[\"*\"]',	'2023-11-08 11:38:23',	NULL,	'2023-11-08 11:38:22',	'2023-11-08 11:38:23'),
(374,	'App\\Models\\User',	18,	'authToken',	'4e6c99ec15d00d152e23d15d2a24a84bde03521db29bf29431140332ae68e54d',	'[\"*\"]',	'2023-11-08 11:44:37',	NULL,	'2023-11-08 11:44:35',	'2023-11-08 11:44:37'),
(375,	'App\\Models\\User',	18,	'authToken',	'0d82bf37c1f0120d6ca88ef8039d12350a0dea2de19836b6175ef28c95881d42',	'[\"*\"]',	NULL,	NULL,	'2023-11-08 11:51:46',	'2023-11-08 11:51:46'),
(376,	'App\\Models\\User',	18,	'authToken',	'fb5a68ce761700c607707b98aae4732ce6533afdd850491fac8d9b81996ba628',	'[\"*\"]',	'2023-11-08 11:53:13',	NULL,	'2023-11-08 11:53:12',	'2023-11-08 11:53:13'),
(377,	'App\\Models\\User',	18,	'authToken',	'827a7b059a696904a3e3cdce8c211daa2d7af203991d0c8975efe6e16161aedb',	'[\"*\"]',	'2023-11-08 12:05:46',	NULL,	'2023-11-08 12:05:45',	'2023-11-08 12:05:46'),
(378,	'App\\Models\\User',	18,	'authToken',	'e0e150ae761e8b9f012c28d3839696d500a44fc1872947b2d19261157412e287',	'[\"*\"]',	'2023-11-08 12:22:22',	NULL,	'2023-11-08 12:22:20',	'2023-11-08 12:22:22'),
(379,	'App\\Models\\User',	18,	'authToken',	'98a39d26885919f6c29c8a1b0052ad45ecc3aa6604404cb6ff440e56b39f4f42',	'[\"*\"]',	'2023-11-08 12:24:06',	NULL,	'2023-11-08 12:22:39',	'2023-11-08 12:24:06'),
(380,	'App\\Models\\User',	18,	'authToken',	'4d72917360293fa21429491250274e3428475baf6eae5e45d9c6b258ebd526a4',	'[\"*\"]',	'2023-11-08 12:29:41',	NULL,	'2023-11-08 12:29:40',	'2023-11-08 12:29:41'),
(381,	'App\\Models\\User',	18,	'authToken',	'9322156cff08439a2a57542a1ca47b86a869c907ed5afce7da4ba00cfe55adf4',	'[\"*\"]',	'2023-11-08 12:32:20',	NULL,	'2023-11-08 12:32:19',	'2023-11-08 12:32:20'),
(382,	'App\\Models\\User',	18,	'authToken',	'b52ec821624d75f42bdb054fae881ec5dc3e18b126303053d4a12e7491358685',	'[\"*\"]',	'2023-11-08 14:30:53',	NULL,	'2023-11-08 12:38:02',	'2023-11-08 14:30:53'),
(383,	'App\\Models\\User',	18,	'authToken',	'7dca4ced0afc99886db8f24bd48ac8c8a7ba9ee288f363336094fb7e06c52c62',	'[\"*\"]',	'2023-11-08 15:12:51',	NULL,	'2023-11-08 14:47:28',	'2023-11-08 15:12:51'),
(384,	'App\\Models\\User',	18,	'authToken',	'60477a4111ead0737fe030d8878396529dd94fc55b58df944ee608bdfb485581',	'[\"*\"]',	'2023-11-08 16:17:08',	NULL,	'2023-11-08 15:48:10',	'2023-11-08 16:17:08'),
(385,	'App\\Models\\User',	18,	'authToken',	'3ef455741ffa07f6d681d544f9e718e86e66cf8b162e232e9869b76ea5db98bf',	'[\"*\"]',	'2023-11-08 16:20:26',	NULL,	'2023-11-08 16:20:22',	'2023-11-08 16:20:26'),
(386,	'App\\Models\\User',	18,	'authToken',	'73efaa1995c9a08519cd07ac2eac26e84e3ee267db3ec476b2406318f3ff8a7f',	'[\"*\"]',	'2023-11-08 16:21:07',	NULL,	'2023-11-08 16:21:00',	'2023-11-08 16:21:07'),
(387,	'App\\Models\\User',	18,	'authToken',	'741d749be44da1f361e38d9713cf5d1141b294a258f3c13bf1b32958803a7443',	'[\"*\"]',	'2023-11-08 16:22:19',	NULL,	'2023-11-08 16:22:05',	'2023-11-08 16:22:19'),
(388,	'App\\Models\\User',	18,	'authToken',	'e90f278c22d0d1a41d1a0adf51dd51324392028284e4c0a81655dd2056864804',	'[\"*\"]',	'2023-11-08 16:25:11',	NULL,	'2023-11-08 16:25:07',	'2023-11-08 16:25:11'),
(389,	'App\\Models\\User',	18,	'authToken',	'6394fdfa9784cc1c9c55ba60e740642dafb28ba1e14dd62a3fbcc6f0f043039b',	'[\"*\"]',	'2023-11-08 16:25:38',	NULL,	'2023-11-08 16:25:33',	'2023-11-08 16:25:38'),
(390,	'App\\Models\\User',	18,	'authToken',	'fcb24c7ce42bc0815c69d3e5f7f266b94d02e70c13c6ba90c9a2a082a0a3dc41',	'[\"*\"]',	'2023-11-08 16:27:29',	NULL,	'2023-11-08 16:27:26',	'2023-11-08 16:27:29'),
(391,	'App\\Models\\User',	18,	'authToken',	'bea161dd8f8a29b52aa8df0441d5b56d5c267657edd755cc9c7cd05d0a2d6afe',	'[\"*\"]',	'2023-11-08 16:28:10',	NULL,	'2023-11-08 16:28:07',	'2023-11-08 16:28:10'),
(392,	'App\\Models\\User',	18,	'authToken',	'dfe6e8a37a82585dd5b3baf228428f9e44a6e7af1f4784def77a16828a30b411',	'[\"*\"]',	'2023-11-08 16:29:16',	NULL,	'2023-11-08 16:29:12',	'2023-11-08 16:29:16'),
(393,	'App\\Models\\User',	18,	'authToken',	'46e363b982359db582f164aabbb4a8de8a99b3ef2ee516e289c13099be84f058',	'[\"*\"]',	'2023-11-08 16:34:48',	NULL,	'2023-11-08 16:30:31',	'2023-11-08 16:34:48'),
(394,	'App\\Models\\User',	18,	'authToken',	'af9bf12d21685d308c84a8b7f986c05507a5e2362e3bc6f59bbb2b4092cdfc4d',	'[\"*\"]',	'2023-11-08 16:44:30',	NULL,	'2023-11-08 16:35:17',	'2023-11-08 16:44:30'),
(395,	'App\\Models\\User',	18,	'authToken',	'43d31c41cbe69e23c6a61224a77f75afd6fffa579722b6566022c291cb2d774f',	'[\"*\"]',	'2023-11-08 17:10:41',	NULL,	'2023-11-08 16:44:49',	'2023-11-08 17:10:41'),
(396,	'App\\Models\\User',	18,	'authToken',	'7f620f1819d1cffffb27f49fd40a6c246d455a6a1a6b23f01abfbfb9c3d1c687',	'[\"*\"]',	'2023-11-09 03:36:36',	NULL,	'2023-11-09 02:21:59',	'2023-11-09 03:36:36'),
(397,	'App\\Models\\User',	18,	'authToken',	'20bb0fe7013d3f7119d5c208bb881198517b7994a6ef3cf7c60fc32c54f8829a',	'[\"*\"]',	'2023-11-09 03:37:31',	NULL,	'2023-11-09 03:37:27',	'2023-11-09 03:37:31'),
(398,	'App\\Models\\User',	18,	'authToken',	'd3967b9ad23ca456b333ccd77ff7c3906ecaca00d020f903f989c190e20fc2a3',	'[\"*\"]',	'2023-11-09 03:37:49',	NULL,	'2023-11-09 03:37:45',	'2023-11-09 03:37:49'),
(399,	'App\\Models\\User',	18,	'authToken',	'fda43486e201b4199ecbbc3281aecb936fd34a3142b209f88e3e94fd1c1cb74a',	'[\"*\"]',	'2023-11-09 03:47:09',	NULL,	'2023-11-09 03:38:29',	'2023-11-09 03:47:09'),
(400,	'App\\Models\\User',	18,	'authToken',	'2940371dc3d56d2cf511b729e2a70305d81d759825f8579503316ec5fbd9601b',	'[\"*\"]',	'2023-11-09 03:47:55',	NULL,	'2023-11-09 03:47:50',	'2023-11-09 03:47:55'),
(401,	'App\\Models\\User',	18,	'authToken',	'ccabd3357d2087e8d127ebbd4f162ec20b343041e70d0553e4d860b83d1bc703',	'[\"*\"]',	'2023-11-09 04:01:22',	NULL,	'2023-11-09 03:49:20',	'2023-11-09 04:01:22'),
(402,	'App\\Models\\User',	18,	'authToken',	'91bd73e7e14f18d1fa6811e3763897a70a23c0bbd843a6622d228deb80f863c9',	'[\"*\"]',	'2023-11-09 04:02:37',	NULL,	'2023-11-09 04:02:25',	'2023-11-09 04:02:37'),
(403,	'App\\Models\\User',	18,	'authToken',	'18191ab26c46a82b4d0d60b344c2af0da04a7eac8d79264a490c89780c085740',	'[\"*\"]',	'2023-11-09 04:04:24',	NULL,	'2023-11-09 04:04:20',	'2023-11-09 04:04:24'),
(404,	'App\\Models\\User',	18,	'authToken',	'02bfeacc12c7c32c8e9c373b87ded234490f930111adfedc8556e51eacb9bd12',	'[\"*\"]',	'2023-11-09 04:08:08',	NULL,	'2023-11-09 04:04:54',	'2023-11-09 04:08:08'),
(405,	'App\\Models\\User',	18,	'authToken',	'554ca46733a5a458c108e32df789ebb0e5f03ebb0adba1d53752fc56ccf2b84a',	'[\"*\"]',	'2023-11-09 04:08:45',	NULL,	'2023-11-09 04:08:29',	'2023-11-09 04:08:45'),
(406,	'App\\Models\\User',	18,	'authToken',	'dbd25a01045ef6b0bbb5e60fdf8aeddd995ad633a9830a5f95f00f51faacc15c',	'[\"*\"]',	'2023-11-09 04:26:37',	NULL,	'2023-11-09 04:09:04',	'2023-11-09 04:26:37'),
(407,	'App\\Models\\User',	18,	'authToken',	'd2101e27a9ec251cb6dd6a58ab94b7c361732e54813b674a05712aab58621d30',	'[\"*\"]',	'2023-11-09 04:28:08',	NULL,	'2023-11-09 04:27:37',	'2023-11-09 04:28:08'),
(408,	'App\\Models\\User',	18,	'authToken',	'7ae0f49adddef02a605d62ebfbafaa16f9447e2201d6554237d5b5ccc3d1f655',	'[\"*\"]',	'2023-11-09 04:28:53',	NULL,	'2023-11-09 04:28:44',	'2023-11-09 04:28:53'),
(409,	'App\\Models\\User',	18,	'authToken',	'22e1fdf813d914da6196c7f082b6b18b9dd02d5c0cc027172259cc870fc77a41',	'[\"*\"]',	'2023-11-09 04:32:47',	NULL,	'2023-11-09 04:29:52',	'2023-11-09 04:32:47'),
(410,	'App\\Models\\User',	18,	'authToken',	'185ab7ad891d54b86afdf6c1e01630ee9670d1c05f9ac31c3d7f7123266f8668',	'[\"*\"]',	'2023-11-09 04:50:28',	NULL,	'2023-11-09 04:39:15',	'2023-11-09 04:50:28'),
(411,	'App\\Models\\User',	18,	'authToken',	'b8ba326ba6806e47a07411a32068e01d9c9a55314a1b21919376ca2739136d5e',	'[\"*\"]',	'2023-11-09 04:56:59',	NULL,	'2023-11-09 04:53:27',	'2023-11-09 04:56:59'),
(412,	'App\\Models\\User',	18,	'authToken',	'4d413d71b44d975b64f1b69c79e9d8d0d4736907a246f633c3e80814e356b23a',	'[\"*\"]',	'2023-11-09 05:01:41',	NULL,	'2023-11-09 05:01:38',	'2023-11-09 05:01:41'),
(413,	'App\\Models\\User',	18,	'authToken',	'bae1f59cf5f6a50c218adbb73d3c1ff490cc426e5df0608e80e28dbccb772cf1',	'[\"*\"]',	'2023-11-09 05:06:03',	NULL,	'2023-11-09 05:06:02',	'2023-11-09 05:06:03'),
(414,	'App\\Models\\User',	18,	'authToken',	'bac0770472dce0ccdb446e2982a223d058772a4a9922788188ba2cdefd5a1a06',	'[\"*\"]',	'2023-11-09 05:06:24',	NULL,	'2023-11-09 05:06:23',	'2023-11-09 05:06:24'),
(415,	'App\\Models\\User',	18,	'authToken',	'bdac51932e0df31a7fbdffb212c3f069cd81e0861091258ab2b8ee27be868b8f',	'[\"*\"]',	'2023-11-09 05:07:15',	NULL,	'2023-11-09 05:07:12',	'2023-11-09 05:07:15'),
(418,	'App\\Models\\User',	18,	'authToken',	'f409382900056b751b9fd2ec5c17d59a393c8ede6f77aa48f7dcfee4818dee31',	'[\"*\"]',	NULL,	NULL,	'2023-11-09 05:22:38',	'2023-11-09 05:22:38'),
(419,	'App\\Models\\User',	18,	'authToken',	'ea0783e3fdb7480c119ba3bb2a46b075d9fd0a1c105f2c1d6c5de0ae6ce600e5',	'[\"*\"]',	NULL,	NULL,	'2023-11-09 05:23:13',	'2023-11-09 05:23:13'),
(420,	'App\\Models\\User',	18,	'authToken',	'f30c102cb28f909f1af1b132d371ce8b241e0fcb822f2eb650563ad7d365c299',	'[\"*\"]',	'2023-11-09 05:44:09',	NULL,	'2023-11-09 05:25:27',	'2023-11-09 05:44:09'),
(421,	'App\\Models\\User',	18,	'authToken',	'9dd221a2ef101a0ba1803f272297af344dd208c3023182e28eb73f39e4e16360',	'[\"*\"]',	'2023-11-09 05:49:47',	NULL,	'2023-11-09 05:46:20',	'2023-11-09 05:49:47'),
(422,	'App\\Models\\User',	18,	'authToken',	'533116191e6ac2695d801c72b6b0a4e70fce4c9f6d187799658058e77037f649',	'[\"*\"]',	'2023-11-09 15:39:02',	NULL,	'2023-11-09 15:39:01',	'2023-11-09 15:39:02'),
(423,	'App\\Models\\User',	18,	'authToken',	'18168858bc49ad298a7413effa85404dee2160162b3cd5eef53d4a5f258ae334',	'[\"*\"]',	'2023-11-09 17:09:33',	NULL,	'2023-11-09 17:09:30',	'2023-11-09 17:09:33'),
(424,	'App\\Models\\User',	18,	'authToken',	'969b9051d0b48eba1b4ef7ad00f7057ae134139ca57a9d6a599e02e8fda41e01',	'[\"*\"]',	'2023-11-09 17:11:36',	NULL,	'2023-11-09 17:11:35',	'2023-11-09 17:11:36'),
(425,	'App\\Models\\User',	18,	'authToken',	'0701e4e50e31fff5caec5cf9f8e87194ae5aabacd54477f3559c7bbf1a0dbade',	'[\"*\"]',	'2023-11-09 17:14:16',	NULL,	'2023-11-09 17:14:14',	'2023-11-09 17:14:16'),
(426,	'App\\Models\\User',	18,	'authToken',	'922e6053d684001203926be426b9c91a2dd25f898f3fb34a13f8c4409bc9ca23',	'[\"*\"]',	'2023-11-09 17:16:28',	NULL,	'2023-11-09 17:16:26',	'2023-11-09 17:16:28'),
(427,	'App\\Models\\User',	18,	'authToken',	'd8a224529508491f0a07fa918f8f53777574e69be5ccc990c0b43b0946292c38',	'[\"*\"]',	'2023-11-09 17:17:21',	NULL,	'2023-11-09 17:17:19',	'2023-11-09 17:17:21'),
(428,	'App\\Models\\User',	18,	'authToken',	'd53bee698e9ca6cb9ef874b05b6ff17c85dd364e7d999bae025b036e74ba3eae',	'[\"*\"]',	'2023-11-09 17:18:49',	NULL,	'2023-11-09 17:18:47',	'2023-11-09 17:18:49'),
(429,	'App\\Models\\User',	18,	'authToken',	'ab2c099215a70171f20833e0baf9be7c5e9c742b489a233e4111c54831aa90a7',	'[\"*\"]',	'2023-11-09 17:19:46',	NULL,	'2023-11-09 17:19:45',	'2023-11-09 17:19:46'),
(430,	'App\\Models\\User',	18,	'authToken',	'c13884634791080c27f65d351355fe306d8218811e947ac411b2607fd0d1c5f4',	'[\"*\"]',	'2023-11-09 17:24:18',	NULL,	'2023-11-09 17:24:16',	'2023-11-09 17:24:18'),
(431,	'App\\Models\\User',	18,	'authToken',	'208878ea13943f91755943d0759dbb0f7678351c67423ad84eaabf9596ac1d88',	'[\"*\"]',	'2023-11-09 17:25:06',	NULL,	'2023-11-09 17:25:04',	'2023-11-09 17:25:06'),
(432,	'App\\Models\\User',	18,	'authToken',	'fdb2724e0722aec8346d67d2847b87af11a62e49ec9c64f7bb8092c6ff1e999d',	'[\"*\"]',	'2023-11-09 17:27:00',	NULL,	'2023-11-09 17:26:59',	'2023-11-09 17:27:00'),
(433,	'App\\Models\\User',	18,	'authToken',	'6b60649213abe6e4bc7b3636c21231dbf5dd1fcaf0efcab509d3e9a7c386a539',	'[\"*\"]',	'2023-11-09 17:34:42',	NULL,	'2023-11-09 17:34:40',	'2023-11-09 17:34:42'),
(434,	'App\\Models\\User',	18,	'authToken',	'789a71fe0e70847c3e81f6301b389c2552864426d09cf27b4af2885a17ac572d',	'[\"*\"]',	NULL,	NULL,	'2023-11-09 17:40:43',	'2023-11-09 17:40:43'),
(435,	'App\\Models\\User',	18,	'authToken',	'c5739e8dd1dc5257a8dd6fa9e42beb81749c849b221ab93d4652e72a4e5c217e',	'[\"*\"]',	'2023-11-09 18:03:42',	NULL,	'2023-11-09 18:03:41',	'2023-11-09 18:03:42'),
(436,	'App\\Models\\User',	18,	'authToken',	'4cbf9c7d1c7b5cea21fba1689e6ee364cf9fdd641dd13918d415b26b7f649d27',	'[\"*\"]',	'2023-11-09 18:06:22',	NULL,	'2023-11-09 18:06:20',	'2023-11-09 18:06:22'),
(437,	'App\\Models\\User',	18,	'authToken',	'9e60fa460aaf65821525b38cd375a14afc81b8e67ada2dffea188228cc1b6a7b',	'[\"*\"]',	NULL,	NULL,	'2023-11-09 18:23:22',	'2023-11-09 18:23:22'),
(438,	'App\\Models\\User',	18,	'authToken',	'57bf7fdcc028a6b4f6b6a04349c2e7f4ddc3edfc0b9fa163afda2715a64f9271',	'[\"*\"]',	'2023-11-09 18:25:44',	NULL,	'2023-11-09 18:25:42',	'2023-11-09 18:25:44'),
(439,	'App\\Models\\User',	18,	'authToken',	'98829df531d6d8df7706dc48583791c381c2c39b353a6cf50ce03049aaca0df4',	'[\"*\"]',	'2023-11-09 18:26:22',	NULL,	'2023-11-09 18:26:20',	'2023-11-09 18:26:22'),
(440,	'App\\Models\\User',	18,	'authToken',	'940ed60028b33bcc2c09709d4b672e805bfa1ac4a4731199241a5e65cb2e2700',	'[\"*\"]',	NULL,	NULL,	'2023-11-10 03:36:37',	'2023-11-10 03:36:37'),
(441,	'App\\Models\\User',	18,	'authToken',	'55bae9b6b7bf35760635c30504c7a2fae60ab1c86057e90482a36d747f24abec',	'[\"*\"]',	NULL,	NULL,	'2023-11-10 03:46:39',	'2023-11-10 03:46:39'),
(442,	'App\\Models\\User',	18,	'authToken',	'f522337dbf123162ceafb7119979ab2ff503a54c30a6de3e15e922f1805aaab1',	'[\"*\"]',	NULL,	NULL,	'2023-11-10 03:46:39',	'2023-11-10 03:46:39'),
(443,	'App\\Models\\User',	18,	'authToken',	'3e491b953984fd7a6833644e7c5d9167ba3c76b614b7049dd9c0080afcb84c4f',	'[\"*\"]',	NULL,	NULL,	'2023-11-10 03:52:58',	'2023-11-10 03:52:58'),
(444,	'App\\Models\\User',	18,	'authToken',	'd8da408129e8aa0994161691892172bd3d555f11939c3e74aff68401d924fd7d',	'[\"*\"]',	'2023-11-10 03:56:14',	NULL,	'2023-11-10 03:54:40',	'2023-11-10 03:56:14'),
(445,	'App\\Models\\User',	18,	'authToken',	'e277962a5ecdf102e369a528ea43025356a650a4a67f46947321b723c43f04e1',	'[\"*\"]',	'2023-11-10 04:14:39',	NULL,	'2023-11-10 03:56:25',	'2023-11-10 04:14:39'),
(446,	'App\\Models\\User',	18,	'authToken',	'cae91de1fb2e3d8a2cce24e5d9bb6e487d34cfbc570cf4b85a54826540377068',	'[\"*\"]',	'2023-11-10 04:14:58',	NULL,	'2023-11-10 04:09:45',	'2023-11-10 04:14:58'),
(447,	'App\\Models\\User',	18,	'authToken',	'd530e68ce78fba07755bc86056502bd59f9149befc3121c479f7d6a167831efb',	'[\"*\"]',	'2023-11-10 04:09:59',	NULL,	'2023-11-10 04:09:58',	'2023-11-10 04:09:59'),
(448,	'App\\Models\\User',	18,	'authToken',	'b8debf849d4361f6e5f54ca2c0ff741e9dd940ada1c9f8b6ebc8656ab161ed91',	'[\"*\"]',	'2023-11-10 04:13:03',	NULL,	'2023-11-10 04:13:01',	'2023-11-10 04:13:03'),
(449,	'App\\Models\\User',	18,	'authToken',	'a56ba300a7e05911686d4b1e5f859e1f055241a6e8ee9c19faa953187d8dd01d',	'[\"*\"]',	'2023-11-10 04:14:07',	NULL,	'2023-11-10 04:14:05',	'2023-11-10 04:14:07'),
(450,	'App\\Models\\User',	18,	'authToken',	'56174839b8a7005b50b57e02a5092d6a5475ba3b9dfacc264d48f1ffd34eceb9',	'[\"*\"]',	'2023-11-10 04:19:30',	NULL,	'2023-11-10 04:16:04',	'2023-11-10 04:19:30'),
(451,	'App\\Models\\User',	18,	'authToken',	'ebd52fb453529fe61ad5410bb78bcda486c3fab32dfbfbcbd2e23449f558f964',	'[\"*\"]',	'2023-11-10 04:21:57',	NULL,	'2023-11-10 04:19:40',	'2023-11-10 04:21:57'),
(452,	'App\\Models\\User',	18,	'authToken',	'69a273df296d3f3b55e20ee1baf6116bb30a22e981be66080aeddf8ef3e0050c',	'[\"*\"]',	'2023-11-10 04:22:29',	NULL,	'2023-11-10 04:22:02',	'2023-11-10 04:22:29'),
(453,	'App\\Models\\User',	18,	'authToken',	'c52fb134836133524e72594de89476e115a7f610c43030158984ace314946503',	'[\"*\"]',	'2023-11-10 04:26:23',	NULL,	'2023-11-10 04:24:46',	'2023-11-10 04:26:23'),
(455,	'App\\Models\\User',	18,	'authToken',	'cf884a8eb1c9afdfd99829fd690fb56865cbc2d82be8e453823335dc49810486',	'[\"*\"]',	'2023-11-10 04:29:25',	NULL,	'2023-11-10 04:27:21',	'2023-11-10 04:29:25'),
(456,	'App\\Models\\User',	18,	'authToken',	'b4be392aeee3321ac0950292571aed609bf0b87d39863d5cc06ba75ef6000c32',	'[\"*\"]',	NULL,	NULL,	'2023-11-10 04:30:48',	'2023-11-10 04:30:48'),
(457,	'App\\Models\\User',	18,	'authToken',	'd9e0f3de412004c58d020483dd31a0f61e4bf86f02ce0b544eec8ba6a429a254',	'[\"*\"]',	'2023-11-10 04:34:58',	NULL,	'2023-11-10 04:33:46',	'2023-11-10 04:34:58'),
(458,	'App\\Models\\User',	18,	'authToken',	'ac3738641971e37e4fd3827908d0a3e83303e82d98b82573f30c7a3f4d533ef7',	'[\"*\"]',	'2023-11-10 04:40:10',	NULL,	'2023-11-10 04:38:47',	'2023-11-10 04:40:10'),
(459,	'App\\Models\\User',	18,	'authToken',	'c046c6f0a5601efeb43dbbb62e1893f939348f897aeb09e57335b197673df0f8',	'[\"*\"]',	'2023-11-10 04:46:11',	NULL,	'2023-11-10 04:41:16',	'2023-11-10 04:46:11'),
(461,	'App\\Models\\User',	18,	'authToken',	'78ded67f2357d2dafd8f7fe8f285242af5db603b98ab69ff00dc6c60d32f87fa',	'[\"*\"]',	'2023-11-10 04:42:50',	NULL,	'2023-11-10 04:42:49',	'2023-11-10 04:42:50'),
(462,	'App\\Models\\User',	18,	'authToken',	'fcbed3b9e52296e4ce3f9319965bf4655d2c3c4cdc0f13c9b9bc78356c30981d',	'[\"*\"]',	'2023-11-10 04:46:57',	NULL,	'2023-11-10 04:46:56',	'2023-11-10 04:46:57'),
(463,	'App\\Models\\User',	18,	'authToken',	'1b1f6f87e7dea938830da2719231eb80e7ae07e0cee782b2dc1a128171eb012c',	'[\"*\"]',	'2023-11-10 04:51:14',	NULL,	'2023-11-10 04:47:38',	'2023-11-10 04:51:14'),
(464,	'App\\Models\\User',	18,	'authToken',	'a53558f3a3d47771a3263838faa45db15ad0e067d716c79a1e2c4d2c92e926f9',	'[\"*\"]',	'2023-11-11 07:56:54',	NULL,	'2023-11-11 07:34:12',	'2023-11-11 07:56:54'),
(466,	'App\\Models\\User',	18,	'authToken',	'1225057eaec94083bab4ce2e81a27289ee535d067293106526bf8b9c02cc93c8',	'[\"*\"]',	'2023-11-20 14:58:01',	NULL,	'2023-11-20 14:56:55',	'2023-11-20 14:58:01'),
(468,	'App\\Models\\User',	18,	'authToken',	'd29349b14bb4b18b8338d652327195f0b8cb414d374b85509e826647c197c612',	'[\"*\"]',	'2023-11-20 15:57:12',	NULL,	'2023-11-20 15:57:06',	'2023-11-20 15:57:12'),
(469,	'App\\Models\\User',	18,	'authToken',	'48561eb6f90bf03bcadca8a9b0fc587ac4b16c46e7aba5fc09022427bdc58238',	'[\"*\"]',	'2023-11-29 05:00:32',	NULL,	'2023-11-29 04:59:27',	'2023-11-29 05:00:32'),
(470,	'App\\Models\\User',	18,	'authToken',	'f516584accbe040cf755635815ddf50258b1c53e7e35906180b0acd686c226b9',	'[\"*\"]',	'2023-11-29 05:03:51',	NULL,	'2023-11-29 05:03:49',	'2023-11-29 05:03:51'),
(471,	'App\\Models\\User',	18,	'authToken',	'4ecf569cb2c173f878ed95b35d1ab143af6850f4b5e3a4da3fbd895d581d37cc',	'[\"*\"]',	'2023-12-12 03:24:38',	NULL,	'2023-12-12 03:21:40',	'2023-12-12 03:24:38'),
(473,	'App\\Models\\User',	18,	'authToken',	'22888fb0b2bc20ecc9969b0df7bd597e1088f6fb69568ebf5a1608bb6011f580',	'[\"*\"]',	'2023-12-15 06:43:22',	NULL,	'2023-12-15 06:35:22',	'2023-12-15 06:43:22'),
(475,	'App\\Models\\User',	18,	'authToken',	'cb8bca75136b26d6bf1a65b5c5a0088b7c21df240d5115032af7033b350a9144',	'[\"*\"]',	'2023-12-15 07:00:45',	NULL,	'2023-12-15 06:58:25',	'2023-12-15 07:00:45'),
(476,	'App\\Models\\User',	18,	'authToken',	'75f2222dac3db7320c7f3214fe0955141f9cd08c1122e48ad0fce673e22f472f',	'[\"*\"]',	'2024-01-10 03:29:42',	NULL,	'2024-01-10 03:29:39',	'2024-01-10 03:29:42'),
(477,	'App\\Models\\User',	18,	'authToken',	'71863937d17f0bc07a77b51e8718dd43e8e4192990bd226fad3d4dcc1b82898a',	'[\"*\"]',	'2024-01-10 04:23:27',	NULL,	'2024-01-10 04:04:03',	'2024-01-10 04:23:27');

DROP TABLE IF EXISTS `rapors`;
CREATE TABLE `rapors` (
  `id` bigint(20) unsigned NOT NULL AUTO_INCREMENT,
  `id_rombelsiswa` varchar(255) COLLATE utf8mb4_unicode_ci DEFAULT NULL,
  `id_tahunajar` varchar(255) COLLATE utf8mb4_unicode_ci DEFAULT NULL,
  `nilai_sosial` varchar(255) COLLATE utf8mb4_unicode_ci DEFAULT NULL,
  `nilai_spiritual` varchar(255) COLLATE utf8mb4_unicode_ci DEFAULT NULL,
  `rangking` varchar(255) COLLATE utf8mb4_unicode_ci DEFAULT NULL,
  `naik_kelas` varchar(255) COLLATE utf8mb4_unicode_ci DEFAULT NULL,
  `created_at` timestamp NULL DEFAULT NULL,
  `updated_at` timestamp NULL DEFAULT NULL,
  PRIMARY KEY (`id`)
) ENGINE=InnoDB DEFAULT CHARSET=utf8mb4 COLLATE=utf8mb4_unicode_ci;

INSERT INTO `rapors` (`id`, `id_rombelsiswa`, `id_tahunajar`, `nilai_sosial`, `nilai_spiritual`, `rangking`, `naik_kelas`, `created_at`, `updated_at`) VALUES
(7,	'105',	'3',	'[\"Sangat Baik\",\"Sangat Baik\",\"Baik\",\"Baik\",\"Baik\",\"Baik\",\"Baik\"]',	'[\"Baik\",\"Cukup\",\"Sangat Baik\",\"Sangat Baik\"]',	NULL,	'1',	NULL,	'2024-06-07 03:25:37'),
(8,	'106',	'3',	'[\"Sangat Baik\",\"Sangat Baik\",\"Baik\",\"Baik\",\"Baik\",\"Baik\",\"Baik\"]',	'[\"Baik\",\"Cukup\",\"Sangat Baik\",\"Sangat Baik\"]',	NULL,	'0',	NULL,	'2024-06-07 03:23:11'),
(9,	'107',	'3',	'[\"Sangat Baik\",\"Sangat Baik\",\"Baik\",\"Baik\",\"Baik\",\"Baik\",\"Baik\"]',	'[\"Baik\",\"Cukup\",\"Sangat Baik\",\"Sangat Baik\"]',	NULL,	'0',	NULL,	'2024-06-07 03:23:11'),
(10,	'108',	'3',	'[\"Sangat Baik\",\"Sangat Baik\",\"Baik\",\"Baik\",\"Baik\",\"Baik\",\"Baik\"]',	'[\"Baik\",\"Cukup\",\"Sangat Baik\",\"Sangat Baik\"]',	NULL,	'0',	NULL,	'2024-06-07 03:23:11'),
(11,	'109',	'3',	'[\"-\",\"-\",\"-\",\"-\",\"-\",\"-\",\"-\"]',	'[\"-\",\"-\",\"-\",\"-\",\"-\"]',	NULL,	'0',	NULL,	NULL),
(12,	'110',	'3',	'[\"-\",\"-\",\"-\",\"-\",\"-\",\"-\",\"-\"]',	'[\"-\",\"-\",\"-\",\"-\",\"-\"]',	NULL,	'0',	NULL,	NULL),
(13,	'111',	'3',	'[\"-\",\"-\",\"-\",\"-\",\"-\",\"-\",\"-\"]',	'[\"-\",\"-\",\"-\",\"-\",\"-\"]',	NULL,	'0',	NULL,	NULL),
(14,	'112',	'3',	'[\"-\",\"-\",\"-\",\"-\",\"-\",\"-\",\"-\"]',	'[\"-\",\"-\",\"-\",\"-\",\"-\"]',	NULL,	'0',	NULL,	NULL),
(15,	'113',	'3',	'[\"-\",\"-\",\"-\",\"-\",\"-\",\"-\",\"-\"]',	'[\"-\",\"-\",\"-\",\"-\",\"-\"]',	NULL,	'0',	NULL,	NULL);

DROP TABLE IF EXISTS `rombels`;
CREATE TABLE `rombels` (
  `id` bigint(20) unsigned NOT NULL AUTO_INCREMENT,
  `kode_rombel` varchar(255) COLLATE utf8mb4_unicode_ci DEFAULT NULL,
  `id_walas` int(11) NOT NULL,
  `id_kelas` int(11) NOT NULL,
  `jumlah_siswa` varchar(255) CHARACTER SET utf8mb4 DEFAULT NULL,
  `created_by` int(11) DEFAULT NULL,
  `updated_by` int(11) DEFAULT NULL,
  `created_at` timestamp NULL DEFAULT NULL,
  `updated_at` timestamp NULL DEFAULT NULL,
  `id_tahunjar` varchar(255) COLLATE utf8mb4_unicode_ci DEFAULT NULL,
  PRIMARY KEY (`id`)
) ENGINE=InnoDB DEFAULT CHARSET=utf8mb4 COLLATE=utf8mb4_unicode_ci;

INSERT INTO `rombels` (`id`, `kode_rombel`, `id_walas`, `id_kelas`, `jumlah_siswa`, `created_by`, `updated_by`, `created_at`, `updated_at`, `id_tahunjar`) VALUES
(62,	'x1IPA',	13,	20,	'4',	4,	NULL,	'2024-06-06 16:55:16',	'2024-06-06 16:55:16',	'3'),
(63,	'x2ipa',	14,	21,	'5',	4,	NULL,	'2024-06-07 03:05:35',	'2024-06-07 03:05:35',	'3');

DROP TABLE IF EXISTS `rombelsiswas`;
CREATE TABLE `rombelsiswas` (
  `id` bigint(20) unsigned NOT NULL AUTO_INCREMENT,
  `id_rombel` int(11) NOT NULL,
  `id_siswa` int(11) NOT NULL,
  `created_by` int(11) DEFAULT NULL,
  `updated_by` int(11) DEFAULT NULL,
  `created_at` timestamp NULL DEFAULT NULL,
  `updated_at` timestamp NULL DEFAULT NULL,
  PRIMARY KEY (`id`)
) ENGINE=InnoDB DEFAULT CHARSET=utf8mb4 COLLATE=utf8mb4_unicode_ci;

INSERT INTO `rombelsiswas` (`id`, `id_rombel`, `id_siswa`, `created_by`, `updated_by`, `created_at`, `updated_at`) VALUES
(105,	62,	19,	NULL,	NULL,	'2024-06-06 16:55:16',	'2024-06-06 16:55:16'),
(106,	62,	20,	NULL,	NULL,	'2024-06-06 16:55:16',	'2024-06-06 16:55:16'),
(107,	62,	21,	NULL,	NULL,	'2024-06-06 16:55:16',	'2024-06-06 16:55:16'),
(108,	62,	22,	NULL,	NULL,	'2024-06-06 16:55:16',	'2024-06-06 16:55:16'),
(109,	63,	24,	NULL,	NULL,	'2024-06-07 03:05:35',	'2024-06-07 03:05:35'),
(110,	63,	31,	NULL,	NULL,	'2024-06-07 03:05:35',	'2024-06-07 03:05:35'),
(111,	63,	32,	NULL,	NULL,	'2024-06-07 03:05:35',	'2024-06-07 03:05:35'),
(112,	63,	33,	NULL,	NULL,	'2024-06-07 03:05:35',	'2024-06-07 03:05:35'),
(113,	63,	25,	NULL,	NULL,	'2024-06-07 03:05:35',	'2024-06-07 03:05:35');

DROP TABLE IF EXISTS `ruangans`;
CREATE TABLE `ruangans` (
  `id` bigint(20) unsigned NOT NULL AUTO_INCREMENT,
  `kode_ruangan` varchar(255) CHARACTER SET utf8mb4 NOT NULL,
  `nama` varchar(255) COLLATE utf8mb4_unicode_ci NOT NULL,
  `kapasitas` varchar(255) COLLATE utf8mb4_unicode_ci NOT NULL,
  `jurusan` varchar(255) CHARACTER SET utf8mb4 NOT NULL,
  `type` varchar(255) COLLATE utf8mb4_unicode_ci NOT NULL,
  `created_by` int(11) DEFAULT NULL,
  `updated_by` int(11) DEFAULT NULL,
  `created_at` timestamp NULL DEFAULT NULL,
  `updated_at` timestamp NULL DEFAULT NULL,
  PRIMARY KEY (`id`),
  KEY `id_jurusan` (`jurusan`)
) ENGINE=InnoDB DEFAULT CHARSET=utf8mb4 COLLATE=utf8mb4_unicode_ci;

INSERT INTO `ruangans` (`id`, `kode_ruangan`, `nama`, `kapasitas`, `jurusan`, `type`, `created_by`, `updated_by`, `created_at`, `updated_at`) VALUES
(6,	'kelas',	'Kelas',	'30',	'IPA',	'Teori',	4,	NULL,	'2024-06-05 17:47:54',	NULL),
(7,	'lab',	'lab',	'30',	'IPA',	'Pratikum',	4,	NULL,	'2024-06-05 17:48:20',	NULL);

DROP TABLE IF EXISTS `seksis`;
CREATE TABLE `seksis` (
  `id` bigint(20) unsigned NOT NULL AUTO_INCREMENT,
  `id_rombel` int(11) NOT NULL,
  `kode_seksi` varchar(255) CHARACTER SET utf8mb4 NOT NULL,
  `id_jadwal` int(11) NOT NULL,
  `semester` int(11) NOT NULL,
  `created_by` int(11) DEFAULT NULL,
  `updated_by` int(11) DEFAULT NULL,
  `created_at` timestamp NULL DEFAULT NULL,
  `updated_at` timestamp NULL DEFAULT NULL,
  PRIMARY KEY (`id`)
) ENGINE=InnoDB DEFAULT CHARSET=utf8mb4 COLLATE=utf8mb4_unicode_ci;


DROP TABLE IF EXISTS `siswas`;
CREATE TABLE `siswas` (
  `id` bigint(20) unsigned NOT NULL AUTO_INCREMENT,
  `nama` varchar(255) COLLATE utf8mb4_unicode_ci DEFAULT NULL,
  `nisn` varchar(255) COLLATE utf8mb4_unicode_ci DEFAULT NULL,
  `jk` varchar(255) COLLATE utf8mb4_unicode_ci DEFAULT NULL,
  `id_user` int(11) DEFAULT NULL,
  `deleted_at` timestamp NULL DEFAULT NULL,
  `created_by` int(11) DEFAULT NULL,
  `updated_by` int(11) DEFAULT NULL,
  `created_at` timestamp NULL DEFAULT NULL,
  `updated_at` timestamp NULL DEFAULT NULL,
  `tempat` varchar(255) COLLATE utf8mb4_unicode_ci DEFAULT NULL,
  `tanggal` varchar(255) COLLATE utf8mb4_unicode_ci DEFAULT NULL,
  `nis` varchar(255) COLLATE utf8mb4_unicode_ci DEFAULT NULL,
  `agama` varchar(255) COLLATE utf8mb4_unicode_ci DEFAULT NULL,
  `status_keluarga` varchar(255) COLLATE utf8mb4_unicode_ci DEFAULT NULL,
  `anak_ke` varchar(255) COLLATE utf8mb4_unicode_ci DEFAULT NULL,
  `no_hp` varchar(255) COLLATE utf8mb4_unicode_ci DEFAULT NULL,
  `alamat_siswa` varchar(255) COLLATE utf8mb4_unicode_ci DEFAULT NULL,
  `alamat_sekolah` varchar(255) COLLATE utf8mb4_unicode_ci DEFAULT NULL,
  `nama_ayah` varchar(255) COLLATE utf8mb4_unicode_ci DEFAULT NULL,
  `nama_ibu` varchar(255) COLLATE utf8mb4_unicode_ci DEFAULT NULL,
  `pekerjaan_ayah` varchar(255) COLLATE utf8mb4_unicode_ci DEFAULT NULL,
  `pekerjaan_ibu` varchar(255) COLLATE utf8mb4_unicode_ci DEFAULT NULL,
  `alamat_ortu` varchar(255) COLLATE utf8mb4_unicode_ci DEFAULT NULL,
  `nama_wali` varchar(255) COLLATE utf8mb4_unicode_ci DEFAULT NULL,
  `pekerjaan_wali` varchar(255) COLLATE utf8mb4_unicode_ci DEFAULT NULL,
  `alamat_wali` varchar(255) COLLATE utf8mb4_unicode_ci DEFAULT NULL,
  PRIMARY KEY (`id`)
) ENGINE=InnoDB DEFAULT CHARSET=utf8mb4 COLLATE=utf8mb4_unicode_ci;

INSERT INTO `siswas` (`id`, `nama`, `nisn`, `jk`, `id_user`, `deleted_at`, `created_by`, `updated_by`, `created_at`, `updated_at`, `tempat`, `tanggal`, `nis`, `agama`, `status_keluarga`, `anak_ke`, `no_hp`, `alamat_siswa`, `alamat_sekolah`, `nama_ayah`, `nama_ibu`, `pekerjaan_ayah`, `pekerjaan_ibu`, `alamat_ortu`, `nama_wali`, `pekerjaan_wali`, `alamat_wali`) VALUES
(19,	'siswa 1',	'0001',	'L',	17,	NULL,	1,	229,	'2023-08-24 15:57:17',	'2024-06-07 03:20:02',	'makasar',	'2005-06-07',	'076',	NULL,	NULL,	NULL,	NULL,	NULL,	NULL,	NULL,	NULL,	NULL,	NULL,	NULL,	'bahli',	'tukang',	'jl'),
(20,	'siswa 2',	'0002',	'P',	13,	NULL,	1,	1,	'2023-08-28 04:23:53',	'2024-05-30 09:28:27',	'padang',	'2005-05-08',	NULL,	NULL,	NULL,	NULL,	NULL,	NULL,	NULL,	NULL,	NULL,	NULL,	NULL,	NULL,	NULL,	NULL,	NULL),
(21,	'siswa 4',	'0004',	'L',	227,	NULL,	1,	1,	'2023-09-27 04:10:55',	'2024-05-30 09:29:01',	'Bukitting',	'2005-10-29',	NULL,	NULL,	NULL,	NULL,	NULL,	NULL,	NULL,	NULL,	NULL,	NULL,	NULL,	NULL,	NULL,	NULL,	NULL),
(22,	'siswa 3',	'0003',	'P',	19,	NULL,	1,	1,	'2023-10-03 16:14:49',	'2024-05-30 09:28:45',	'Solok',	'2005-10-30',	NULL,	NULL,	NULL,	NULL,	NULL,	NULL,	NULL,	NULL,	NULL,	NULL,	NULL,	NULL,	NULL,	NULL,	NULL),
(23,	'siswa 5',	'0005',	'L',	241,	NULL,	9,	1,	'2023-10-09 10:31:29',	'2024-05-30 09:29:20',	'Padang',	'2005-09-19',	NULL,	NULL,	NULL,	NULL,	NULL,	NULL,	NULL,	NULL,	NULL,	NULL,	NULL,	NULL,	NULL,	NULL,	NULL),
(24,	'siswa 6',	'0006',	'L',	242,	NULL,	4,	1,	'2023-10-13 15:39:49',	'2024-05-30 09:29:42',	'Solok',	'2005-11-23',	NULL,	NULL,	NULL,	NULL,	NULL,	NULL,	NULL,	NULL,	NULL,	NULL,	NULL,	NULL,	NULL,	NULL,	NULL),
(25,	'siswa10',	'00010',	'L',	243,	NULL,	1,	1,	'2023-10-20 07:19:16',	'2024-05-30 09:31:08',	'Padang',	'2004-10-19',	NULL,	NULL,	NULL,	NULL,	NULL,	NULL,	NULL,	NULL,	NULL,	NULL,	NULL,	NULL,	NULL,	NULL,	NULL),
(26,	'siswa11',	'0001211',	'L',	0,	'2024-05-30 08:55:48',	4,	NULL,	'2023-10-27 09:44:06',	'2024-05-30 08:55:48',	NULL,	NULL,	NULL,	NULL,	NULL,	NULL,	NULL,	NULL,	NULL,	NULL,	NULL,	NULL,	NULL,	NULL,	NULL,	NULL,	NULL),
(27,	'siswa12',	'00012222',	'L',	NULL,	'2024-05-30 08:55:53',	4,	NULL,	'2023-10-30 18:04:54',	'2024-05-30 08:55:53',	NULL,	NULL,	NULL,	NULL,	NULL,	NULL,	NULL,	NULL,	NULL,	NULL,	NULL,	NULL,	NULL,	NULL,	NULL,	NULL,	NULL),
(31,	'Siswa 7',	'0007',	'L',	234,	NULL,	NULL,	1,	'2024-05-30 08:59:59',	'2024-05-30 09:30:01',	'padang',	'2004-12-26',	NULL,	NULL,	NULL,	NULL,	NULL,	NULL,	NULL,	NULL,	NULL,	NULL,	NULL,	NULL,	NULL,	NULL,	NULL),
(32,	'Siswa 8',	'0008',	'L',	235,	NULL,	NULL,	1,	'2024-05-30 08:59:59',	'2024-05-30 09:30:36',	'Padang',	'2005-03-02',	NULL,	NULL,	NULL,	NULL,	NULL,	NULL,	NULL,	NULL,	NULL,	NULL,	NULL,	NULL,	NULL,	NULL,	NULL),
(33,	'Siswa 9',	'0009',	'L',	236,	NULL,	NULL,	1,	'2024-05-30 08:59:59',	'2024-05-30 09:30:51',	'padang',	'2005-11-16',	NULL,	NULL,	NULL,	NULL,	NULL,	NULL,	NULL,	NULL,	NULL,	NULL,	NULL,	NULL,	NULL,	NULL,	NULL),
(38,	'siswa11',	'1110',	'L',	239,	'2024-05-30 09:15:16',	NULL,	NULL,	'2024-05-30 09:13:02',	'2024-05-30 09:15:16',	'padang',	'44194',	NULL,	NULL,	NULL,	NULL,	NULL,	NULL,	NULL,	NULL,	NULL,	NULL,	NULL,	NULL,	NULL,	NULL,	NULL),
(39,	'siswa12',	'111042',	'L',	240,	'2024-05-30 09:14:30',	NULL,	NULL,	'2024-05-30 09:13:02',	'2024-05-30 09:14:30',	'padang',	'44194',	NULL,	NULL,	NULL,	NULL,	NULL,	NULL,	NULL,	NULL,	NULL,	NULL,	NULL,	NULL,	NULL,	NULL,	NULL);

DROP TABLE IF EXISTS `tahunajars`;
CREATE TABLE `tahunajars` (
  `id` bigint(20) unsigned NOT NULL AUTO_INCREMENT,
  `tahun` varchar(255) COLLATE utf8mb4_unicode_ci NOT NULL,
  `semester` varchar(255) COLLATE utf8mb4_unicode_ci NOT NULL,
  `created_by` int(11) DEFAULT NULL,
  `updated_by` int(11) DEFAULT NULL,
  `created_at` timestamp NULL DEFAULT NULL,
  `updated_at` timestamp NULL DEFAULT NULL,
  PRIMARY KEY (`id`)
) ENGINE=InnoDB DEFAULT CHARSET=utf8mb4 COLLATE=utf8mb4_unicode_ci;

INSERT INTO `tahunajars` (`id`, `tahun`, `semester`, `created_by`, `updated_by`, `created_at`, `updated_at`) VALUES
(2,	'2023-2024',	'Genap',	4,	4,	'2023-10-11 06:16:53',	'2024-07-11 09:11:13'),
(3,	'2023-2024',	'Ganjil',	4,	4,	'2023-12-13 03:54:06',	'2024-07-11 09:11:20');

DROP TABLE IF EXISTS `users`;
CREATE TABLE `users` (
  `id` bigint(20) unsigned NOT NULL AUTO_INCREMENT,
  `name` varchar(255) COLLATE utf8mb4_unicode_ci NOT NULL,
  `email` varchar(255) COLLATE utf8mb4_unicode_ci NOT NULL,
  `username` varchar(255) CHARACTER SET utf8mb4 NOT NULL,
  `profile_image` varchar(255) COLLATE utf8mb4_unicode_ci NOT NULL,
  `role` varchar(255) COLLATE utf8mb4_unicode_ci NOT NULL,
  `status` varchar(255) COLLATE utf8mb4_unicode_ci DEFAULT NULL,
  `email_verified_at` timestamp NULL DEFAULT NULL,
  `password` varchar(255) COLLATE utf8mb4_unicode_ci NOT NULL,
  `remember_token` varchar(100) COLLATE utf8mb4_unicode_ci DEFAULT NULL,
  `created_at` timestamp NULL DEFAULT NULL,
  `updated_at` timestamp NULL DEFAULT NULL,
  `active_status` tinyint(1) NOT NULL DEFAULT '0',
  `avatar` varchar(255) COLLATE utf8mb4_unicode_ci NOT NULL DEFAULT 'avatar.png',
  `dark_mode` tinyint(1) NOT NULL DEFAULT '0',
  `messenger_color` varchar(255) COLLATE utf8mb4_unicode_ci DEFAULT NULL,
  `last` varchar(255) COLLATE utf8mb4_unicode_ci DEFAULT NULL,
  PRIMARY KEY (`id`),
  UNIQUE KEY `users_email_unique` (`email`),
  UNIQUE KEY `users_username_unique` (`username`)
) ENGINE=InnoDB DEFAULT CHARSET=utf8mb4 COLLATE=utf8mb4_unicode_ci;

INSERT INTO `users` (`id`, `name`, `email`, `username`, `profile_image`, `role`, `status`, `email_verified_at`, `password`, `remember_token`, `created_at`, `updated_at`, `active_status`, `avatar`, `dark_mode`, `messenger_color`, `last`) VALUES
(1,	'admin',	'suryasahputra07@gmail.com',	'admin',	'202307301559SURYA SAHPUTRA.jpg',	'1',	'1',	NULL,	'$2y$10$ybRX2wx.tdrAWFGFSGYEseNIkMCH9XiQSQNzlAwRmnWKPy62UWTgi',	'QJqI9INPOKSnX57ZcJ07AUSx5zCjf71Essl4F0FZkoGXsHI9kfKWRu4jAAzf',	'2023-02-25 23:14:42',	'2024-10-04 16:33:33',	0,	'avatar.png',	0,	NULL,	'2024-10-04 23:33:33'),
(2,	'Marliza,S.Pd.,M.Pd',	'ardibakri402@gmail.com',	'kepsek',	'1768832037705245.jpg',	'2',	'1',	NULL,	'$2y$10$zb..heSZnUA19vgdJnusr.Kp0l0YQE5IyFH6d9k6VAWpju3YjCE8G',	NULL,	'2023-04-10 23:52:19',	'2024-08-12 05:18:56',	0,	'',	0,	NULL,	'2024-08-12 12:18:56'),
(4,	'Yasnimarlis',	'wakil@gmail.com',	'wakil',	'0',	'3',	'1',	NULL,	'$2y$10$zJG1TKLjxtwxwZ20ScBFKe.HkIcIOZWW3ksLWUj8m3io1wrJvKh3W',	NULL,	'2023-05-27 23:22:39',	'2024-08-17 13:17:05',	0,	'avatar.png',	0,	NULL,	'2024-08-17 20:17:05'),
(13,	'siswa 2',	'siswa2@gmail.com',	'siswa2',	'0',	'6',	'1',	NULL,	'$2y$10$0WbQ1I4A0bT4/o3yZBJNmuDh2Myr83pjDlkrTPeYGiE5tjXQhqMqW',	NULL,	'2023-10-03 04:30:14',	'2024-07-11 09:24:24',	0,	'avatar.png',	0,	NULL,	'2024-07-11 16:24:24'),
(17,	'siswa 1',	'siswa1@gmail.com',	'siswa1',	'0',	'6',	'1',	NULL,	'$2y$10$47or1sg2qPkD87uamHiDg.FMq/rzjXyawm1aCNHQhiIOoZeLfcA0S',	NULL,	'2023-10-30 15:37:26',	'2024-07-11 09:25:20',	0,	'avatar.png',	0,	NULL,	'2024-07-11 16:25:20'),
(19,	'siswa 3',	'siswa3@gmail.com',	'siswa3',	'0',	'6',	'1',	NULL,	'$2y$10$LjohBaCRsbdaPfggcB/rF.MNHnxgJa3Nf.uKsBh.GtHMS0aIiZRnm',	NULL,	'2023-11-29 06:23:58',	'2024-07-11 09:26:11',	0,	'avatar.png',	0,	NULL,	'2024-07-11 16:26:11'),
(224,	'Abdul',	'ortu@gmail.com',	'ortu1',	'0',	'5',	'1',	NULL,	'$2y$10$DpRUv5dMIYNPcxftIXg5Ae9KtynLPpe1pgE24BWjaXKQ/P8yoN5ZG',	NULL,	'2024-03-05 13:51:51',	'2024-06-04 11:00:35',	0,	'avatar.png',	0,	NULL,	'2024-06-04 18:00:35'),
(227,	'siswa 4',	'5480@example.com',	'siswa4',	'0',	'6',	'1',	NULL,	'$2y$10$IdhfGaAG/AxkyJu58hqaZ.w8Z5TsSgYkgQKziOKp2tPLAs6y/YOJS',	NULL,	'2024-04-01 21:52:35',	'2024-05-30 09:29:01',	0,	'avatar.png',	0,	NULL,	NULL),
(229,	'Donni Zulhardi, S.Kom.',	'5372@example.com',	'guru1',	'0',	'4',	'1',	NULL,	'$2y$10$eDD9GI33WFuu7yXNqPCHDuCXAX2OGImCgdUOJblRIEL9p7evSnO1m',	NULL,	'2024-04-01 21:55:59',	'2024-10-04 16:34:05',	0,	'avatar.png',	0,	NULL,	'2024-10-04 23:34:05'),
(230,	'Afrizal, S.Pd.',	'guru2@gmail.com',	'guru2',	'0',	'4',	'1',	NULL,	'$2y$10$XWMKl5CLjtdVvWKnmJmajeKnWneHYig1Me/IYw/J/nRjr76JnW9AO',	NULL,	'2024-04-13 14:31:43',	'2024-08-16 16:27:18',	0,	'avatar.png',	0,	NULL,	'2024-05-31 22:22:18'),
(234,	'Siswa 7',	'0271@example.com',	'Siswa7',	'0',	'6',	'1',	NULL,	'$2y$10$eshGkwj.rzlwH6NOdvPSJe.jFgwodtvJJ6BxeGwJ91v5Vv1jQDVTK',	NULL,	'2024-05-30 08:59:59',	'2024-05-30 09:30:01',	0,	'avatar.png',	0,	NULL,	NULL),
(235,	'Siswa 8',	'0354@example.com',	'Siswa8',	'0',	'6',	'1',	NULL,	'$2y$10$zzqhjv35lir7/rQk4IIc3eVaRfQJ7.98wJ1mPq5CYnal0UJmirLZy',	NULL,	'2024-05-30 08:59:59',	'2024-05-30 09:30:36',	0,	'avatar.png',	0,	NULL,	NULL),
(236,	'Siswa 9',	'5041@example.com',	'Siswa9',	'0',	'6',	'1',	NULL,	'$2y$10$TRKKXjcKDUf6.TJqn.bSruBWM9D5tVlQwBr47833n0.rRWh07ZtHu',	NULL,	'2024-05-30 08:59:59',	'2024-05-30 09:30:51',	0,	'avatar.png',	0,	NULL,	NULL),
(241,	'siswa 5',	'6758@gmail.com',	'siswa5',	'0',	'6',	'1',	NULL,	'$2y$10$1Zp11F3XhCcVVsiPAmdYT.o7/v60UXpmZE.YwB3TIKLMp87IrIbZ2',	NULL,	'2024-05-30 09:22:43',	'2024-05-30 09:29:20',	0,	'avatar.png',	0,	NULL,	NULL),
(242,	'siswa 6',	'7810@gmail.com',	'siswa6',	'0',	'6',	'1',	NULL,	'$2y$10$Ku20VzpiS2daYC4C/9qKD.p5g1tawbKni9wCsUD64Z6i3Z0grrcPm',	NULL,	'2024-05-30 09:23:46',	'2024-05-30 09:29:42',	0,	'avatar.png',	0,	NULL,	NULL),
(243,	'siswa10',	'4535@gmail.com',	'siswa10',	'0',	'6',	'1',	NULL,	'$2y$10$PlJ7Zyjl86KcKhTKmhU9T.icgLyMepAPNBW5j6Bl76yBZGF2kmEzy',	NULL,	'2024-05-30 09:24:19',	'2024-06-18 15:47:43',	0,	'avatar.png',	0,	NULL,	'2024-06-07 10:28:28'),
(244,	'Budi',	'ortu2@gmail.com',	'ortu2',	'0',	'5',	'1',	NULL,	'$2y$10$UdteaYlWqkkp/GmG00ley.IrPU70cS7uSGpvMznaJ1qsxP0gO3RWy',	NULL,	'2024-05-30 09:40:41',	'2024-05-31 16:44:37',	0,	'avatar.png',	0,	NULL,	'2024-05-31 23:44:37'),
(245,	'guru1',	'7139@example.com',	'user1',	'0',	'4',	'1',	NULL,	'$2y$10$ZOVdatC70pxF4fTibARjuuB4vEmpxDDmxvAHh67yJzAuMlfO.rP1W',	NULL,	'2024-06-07 02:20:44',	'2024-06-07 02:20:44',	0,	'avatar.png',	0,	NULL,	NULL),
(246,	'guru2',	'4368@example.com',	'user2',	'0',	'4',	'1',	NULL,	'$2y$10$RoiDdGIsWB4HrbZ28PJuYe3RbkIkrRlTTW4qmNBQx89KOYHc9gl7a',	NULL,	'2024-06-07 02:20:44',	'2024-06-07 02:20:44',	0,	'avatar.png',	0,	NULL,	NULL),
(258,	'guru kita ',	'7621@example.com',	'gurukita',	'0',	'4',	'1',	NULL,	'$2y$10$a1uzVSxJ0JYLwk659axQfOTHuaozgaZPKvkRPO1Ym114L368V9K0u',	NULL,	'2024-06-15 17:33:01',	'2024-06-15 17:33:01',	0,	'avatar.png',	0,	NULL,	NULL),
(261,	'ortu kita',	'1958@example.com',	'ortukita',	'0',	'5',	'1',	NULL,	'$2y$10$UjTy7dxhL9Scuz2MgXBuh.04rIUp7xCUmpy1H23dzGxsrrxE3Ach2',	NULL,	'2024-06-15 17:48:06',	'2024-06-15 17:48:06',	0,	'avatar.png',	0,	NULL,	NULL),
(262,	'guruconoth',	'pbudi2357@gmail.com',	'guruconoth',	'',	'4',	'1',	NULL,	'$2y$10$0wIWJKlCp5lKus2DrahG3OF144CID1HVu0cl9xrjZkJtE7MIL2qCi',	NULL,	'2024-07-11 07:23:22',	'2024-07-11 07:24:35',	0,	'avatar.png',	0,	NULL,	NULL);

DROP TABLE IF EXISTS `waktus`;
CREATE TABLE `waktus` (
  `id` bigint(20) unsigned NOT NULL AUTO_INCREMENT,
  `kode_waktu` varchar(255) CHARACTER SET utf8mb4 NOT NULL,
  `waktu_mulai` varchar(255) COLLATE utf8mb4_unicode_ci NOT NULL,
  `waktu_akhir` varchar(255) COLLATE utf8mb4_unicode_ci NOT NULL,
  `range` varchar(255) COLLATE utf8mb4_unicode_ci NOT NULL,
  `created_at` timestamp NULL DEFAULT NULL,
  `updated_at` timestamp NULL DEFAULT NULL,
  `jp` int(11) DEFAULT NULL,
  `updated_by` int(11) DEFAULT NULL,
  `created_by` int(11) DEFAULT NULL,
  PRIMARY KEY (`id`)
) ENGINE=InnoDB DEFAULT CHARSET=utf8mb4 COLLATE=utf8mb4_unicode_ci;

INSERT INTO `waktus` (`id`, `kode_waktu`, `waktu_mulai`, `waktu_akhir`, `range`, `created_at`, `updated_at`, `jp`, `updated_by`, `created_by`) VALUES
(7,	'w.2.1',	'07:00',	'08:40',	'07:00 - 08:40',	'2024-04-01 20:30:51',	NULL,	2,	NULL,	4),
(8,	'w.2.2',	'08:00',	'09:20',	'08:00 - 09:20',	'2024-04-01 20:31:40',	NULL,	2,	NULL,	4),
(9,	'w.2.3',	'08:40',	'10:00',	'08:40 - 10:00',	'2024-04-01 20:32:32',	NULL,	2,	NULL,	4),
(10,	'w.2.4',	'09:20',	'11:00',	'09:20 - 11:00',	'2024-04-01 20:33:22',	NULL,	2,	NULL,	4),
(11,	'w.2.5',	'10:20',	'11:40',	'10:20 - 11:40',	'2024-04-01 20:33:59',	NULL,	2,	NULL,	4),
(12,	'w.2.6',	'11:00',	'12:20',	'11:00 - 12:20',	'2024-04-01 20:36:04',	NULL,	2,	NULL,	4),
(13,	'w.2.7',	'13:00',	'14:20',	'13:00 - 14:20',	'2024-04-01 20:37:05',	NULL,	2,	NULL,	4),
(14,	'w.2.8',	'13:00',	'14:20',	'13:00 - 14:20',	'2024-04-01 20:37:38',	NULL,	2,	NULL,	4),
(15,	'w.2.9',	'13:40',	'15:00',	'13:40 - 15:00',	'2024-04-01 20:38:10',	NULL,	2,	NULL,	4),
(16,	'w.2.10',	'13:40',	'15:40',	'13:40 - 15:40',	'2024-04-01 20:38:56',	NULL,	2,	NULL,	4),
(17,	'w.2.11',	'14:00',	'15:20',	'14:00 - 15:20',	'2024-04-01 20:39:21',	NULL,	2,	NULL,	4),
(18,	'w.2.12',	'14:20',	'15:40',	'14:20 - 15:40',	'2024-04-01 20:40:04',	NULL,	2,	NULL,	4),
(19,	'w.3.1',	'07:00',	'09:20',	'07:00 - 09:20',	'2024-04-01 20:41:12',	NULL,	3,	NULL,	4),
(20,	'w.3.2',	'08:00',	'10:00',	'08:00 - 10:00',	'2024-04-01 20:41:40',	NULL,	3,	NULL,	4),
(21,	'w.3.3',	'09:20',	'11:40',	'09:20 - 11:40',	'2024-04-01 20:43:22',	NULL,	3,	NULL,	4),
(22,	'w.3.4',	'10:20',	'12:20',	'10:20 - 12:20',	'2024-04-01 20:43:59',	NULL,	3,	NULL,	4),
(23,	'w.3.5',	'11:40',	'14:20',	'11:40 - 14:20',	'2024-04-01 20:44:31',	NULL,	3,	NULL,	4),
(24,	'w.3.6',	'13:00',	'15:00',	'13:00 - 15:00',	'2024-04-01 20:45:22',	NULL,	3,	NULL,	4),
(25,	'w.3.7',	'13:40',	'15:40',	'13:40 - 15:40',	'2024-04-01 20:45:51',	NULL,	3,	NULL,	4),
(26,	'w.3.8',	'14:00',	'15:20',	'14:00 - 15:20',	'2024-04-01 20:46:36',	NULL,	3,	NULL,	4),
(27,	'w.4.1',	'07:00',	'10:00',	'07:00 - 10:00',	'2024-04-01 20:47:17',	NULL,	4,	NULL,	4),
(28,	'w.4.2',	'08:00',	'11:00',	'08:00 - 11:00',	'2024-04-01 20:47:53',	NULL,	4,	NULL,	4),
(29,	'w.4.3',	'08:40',	'11:40',	'08:40 - 11:40',	'2024-04-01 20:48:36',	NULL,	4,	NULL,	4),
(30,	'w.4.4',	'09:10',	'12:00',	'09:10 - 12:00',	'2024-04-01 20:49:15',	NULL,	4,	NULL,	4),
(31,	'w.4.5',	'09:20',	'12:20',	'09:20 - 12:20',	'2024-04-01 20:49:37',	NULL,	4,	NULL,	4),
(32,	'w.4.6',	'10:20',	'13:40',	'10:20 - 13:40',	'2024-04-01 20:49:55',	NULL,	4,	NULL,	4),
(33,	'w.4.7',	'10:20',	'15:20',	'10:20 - 15:20',	'2024-04-01 20:51:07',	NULL,	4,	NULL,	4),
(34,	'w.4.8',	'11:00',	'15:20',	'11:00 - 15:20',	'2024-04-01 20:52:14',	NULL,	4,	NULL,	4),
(35,	'w.4.9',	'13:00',	'15:40',	'13:00 - 15:40',	'2024-04-01 20:52:39',	NULL,	4,	NULL,	4),
(36,	'w.5.1',	'07:00',	'11:00',	'07:00 - 11:00',	'2024-04-01 20:53:14',	NULL,	5,	NULL,	4),
(37,	'w.5.2',	'08:00',	'11:40',	'08:00 - 11:40',	'2024-04-01 20:53:33',	NULL,	5,	NULL,	4),
(38,	'w.5.3',	'11:40',	'15:40',	'11:40 - 15:40',	'2024-04-01 20:53:55',	NULL,	5,	NULL,	4),
(39,	'w.6.1',	'07:00',	'11:40',	'07:00 - 11:40',	'2024-04-01 20:54:33',	NULL,	6,	NULL,	4),
(40,	'w.6.2',	'08:00',	'12:20',	'08:00 - 12:20',	'2024-04-01 20:55:05',	NULL,	6,	NULL,	4),
(41,	'w.6.3',	'09:20',	'15:20',	'09:20 - 15:20',	'2024-04-01 20:55:43',	NULL,	6,	NULL,	4),
(42,	'w.6.4',	'11:00',	'15:40',	'11:00 - 15:40',	'2024-04-01 20:56:08',	NULL,	6,	NULL,	4);

DROP TABLE IF EXISTS `walas`;
CREATE TABLE `walas` (
  `id` bigint(20) unsigned NOT NULL AUTO_INCREMENT,
  `id_guru` int(11) NOT NULL,
  `id_kelas` int(11) NOT NULL,
  `created_by` int(11) DEFAULT NULL,
  `updated_by` int(11) DEFAULT NULL,
  `created_at` timestamp NULL DEFAULT NULL,
  `updated_at` timestamp NULL DEFAULT NULL,
  PRIMARY KEY (`id`)
) ENGINE=InnoDB DEFAULT CHARSET=utf8mb4 COLLATE=utf8mb4_unicode_ci;

INSERT INTO `walas` (`id`, `id_guru`, `id_kelas`, `created_by`, `updated_by`, `created_at`, `updated_at`) VALUES
(13,	147,	20,	4,	NULL,	'2024-06-06 04:28:20',	NULL),
(14,	167,	21,	4,	NULL,	'2024-06-06 04:28:40',	NULL),
(15,	141,	22,	4,	NULL,	'2024-06-07 03:03:56',	NULL);

-- 2024-10-04 16:43:05
